Physical to Logical Mappings,,,,,,,,,,Composite View Generation Columns,,,,,,,
Data Source,Parent Name,Container Name,Physical Name,Physical Type,Logical Name,Logical Type,Logical Transformation,Logical Definition,System Messages,parentName,containerName,resourceName,logicalName,logicalType,compositeTransformation,annotation,
ds_orders1,,ds_orders1,customers,,Customers,,,Customer data.<LF><TAB>The customer data contains a unique row for each customer.,,,ds_orders1,customers,Customers,,,Customer data.<LF><TAB>The customer data contains a unique row for each customer.,
ds_orders1,ds_orders1,customers,CustomerID,int(11),Customer_Id,INTEGER,,Customer Identifier,,ds_orders1,customers,CustomerID,Customer_Id,INTEGER,CAST(? AS INTEGER) AS,Customer Identifier,
ds_orders1,ds_orders1,customers,CompanyName,varchar(50),Company_Name,VARCHAR(50),,Company Name,,ds_orders1,customers,CompanyName,Company_Name,VARCHAR(50),CAST(? AS VARCHAR(50)) AS,Company Name,
ds_orders1,ds_orders1,customers,ContactFirstName,varchar(30),First_Name,VARCHAR(30),,Contact First Name,,ds_orders1,customers,ContactFirstName,First_Name,VARCHAR(30),CAST(? AS VARCHAR(30)) AS,Contact First Name,
ds_orders1,ds_orders1,customers,ContactLastName,varchar(50),Last_Name,VARCHAR(50),,Contact Last Name,,ds_orders1,customers,ContactLastName,Last_Name,VARCHAR(50),CAST(? AS VARCHAR(50)) AS,Contact Last Name,
ds_orders1,ds_orders1,customers,BillingAddress,varchar(255),Address,VARCHAR(255),,Company Billing Address,,ds_orders1,customers,BillingAddress,Address,VARCHAR(255),CAST(? AS VARCHAR(255)) AS,Company Billing Address,
ds_orders1,ds_orders1,customers,City,varchar(50),City,VARCHAR(50),,City,,ds_orders1,customers,City,City,VARCHAR(50),CAST(? AS VARCHAR(50)) AS,City,
ds_orders1,ds_orders1,customers,StateOrProvince,varchar(20),State,VARCHAR(20),,State or Province,,ds_orders1,customers,StateOrProvince,State,VARCHAR(20),CAST(? AS VARCHAR(20)) AS,State or Province,
ds_orders1,ds_orders1,customers,PostalCode,varchar(20),Zip,VARCHAR(20),,Postal/Zip Code,,ds_orders1,customers,PostalCode,Zip,VARCHAR(20),CAST(? AS VARCHAR(20)) AS,Postal/Zip Code,
ds_orders1,ds_orders1,customers,CountryRegion,varchar(50),Country,VARCHAR(50),,Country or Region,,ds_orders1,customers,CountryRegion,Country,VARCHAR(50),CAST(? AS VARCHAR(50)) AS,Country or Region,
ds_orders1,ds_orders1,customers,ContactTitle,varchar(50),Title,VARCHAR(50),,Contact Title,,ds_orders1,customers,ContactTitle,Title,VARCHAR(50),CAST(? AS VARCHAR(50)) AS,Contact Title,
ds_orders1,ds_orders1,customers,PhoneNumber,varchar(30),Phone_Number,VARCHAR(30),,Contact Phone Number,,ds_orders1,customers,PhoneNumber,Phone_Number,VARCHAR(30),CAST(? AS VARCHAR(30)) AS,Contact Phone Number,
ds_orders1,ds_orders1,customers,FaxNumber,varchar(30),Fax_Number,VARCHAR(30),CASE ?  WHEN ''  THEN NULL ELSE ?  END,Fax Number shows an example of casting blanks to nulls,,ds_orders1,customers,FaxNumber,Fax_Number,VARCHAR(30),CAST(CASE ?  WHEN ''  THEN NULL ELSE ?  END AS VARCHAR(30)) AS,Fax Number shows an example of casting blanks to nulls,
ds_orders1,ds_orders1,customers,,,CurrentDate,DATE,CURRENT_DATE(),Record Modification Date,,ds_orders1,customers,,CurrentDate,DATE,CAST(CURRENT_DATE() AS DATE) AS,Record Modification Date,
ds_orders1,ds_orders1,customers,,,"""Current_Date""",DATE,CURRENT_DATE(),CurrentDate is an example of a new column derived from the Composite CURRENT_DATE function.,,ds_orders1,customers,,"""Current_Date""",DATE,CAST(CURRENT_DATE() AS DATE) AS,CurrentDate is an example of a new column derived from the Composite CURRENT_DATE function.,
ds_orders1,,ds_orders1,orderdetails,,Order_Details,,,,,,ds_orders1,orderdetails,Order_Details,,,,
ds_orders1,ds_orders1,orderdetails,OrderDetailID,int(11),Order_Detail_Id,INTEGER,,,,ds_orders1,orderdetails,OrderDetailID,Order_Detail_Id,INTEGER,CAST(? AS INTEGER) AS,,
ds_orders1,ds_orders1,orderdetails,OrderID,int(11),Order_Id,INTEGER,,,,ds_orders1,orderdetails,OrderID,Order_Id,INTEGER,CAST(? AS INTEGER) AS,,
ds_orders1,ds_orders1,orderdetails,ProductID,int(11),Product_Id,INTEGER,,,,ds_orders1,orderdetails,ProductID,Product_Id,INTEGER,CAST(? AS INTEGER) AS,,
ds_orders1,ds_orders1,orderdetails,Quantity,int(11),Quantity,INTEGER,,,,ds_orders1,orderdetails,Quantity,Quantity,INTEGER,CAST(? AS INTEGER) AS,,
ds_orders1,ds_orders1,orderdetails,UnitPrice,"decimal(12,2)",Unit_Price,"DECIMAL(12,2)",,,,ds_orders1,orderdetails,UnitPrice,Unit_Price,"DECIMAL(12,2)","CAST(? AS DECIMAL(12,2)) AS",,
ds_orders1,ds_orders1,orderdetails,Status,varchar(50),Status,VARCHAR(50),,,,ds_orders1,orderdetails,Status,Status,VARCHAR(50),CAST(? AS VARCHAR(50)) AS,,
ds_orders1,ds_orders1,orderdetails,Discount,float,Discount,DOUBLE,,,,ds_orders1,orderdetails,Discount,Discount,DOUBLE,CAST(? AS DOUBLE) AS,,
ds_orders1,,ds_orders1,orders,,Orders,,,,,,ds_orders1,orders,Orders,,,,
ds_orders1,ds_orders1,orders,OrderID,int(11),Order_Id,INTEGER,,,,ds_orders1,orders,OrderID,Order_Id,INTEGER,CAST(? AS INTEGER) AS,,
ds_orders1,ds_orders1,orders,CustomerID,int(11),Customer_Id,INTEGER,,,,ds_orders1,orders,CustomerID,Customer_Id,INTEGER,CAST(? AS INTEGER) AS,,
ds_orders1,ds_orders1,orders,EmployeeID,int(11),Employee_Id,INTEGER,,,,ds_orders1,orders,EmployeeID,Employee_Id,INTEGER,CAST(? AS INTEGER) AS,,
ds_orders1,ds_orders1,orders,OrderDate,date,Order_Date,DATE,,,,ds_orders1,orders,OrderDate,Order_Date,DATE,CAST(? AS DATE) AS,,
ds_orders1,ds_orders1,orders,PurchaseOrderNumber,varchar(30),Purchase_Order_Number,VARCHAR(30),,,,ds_orders1,orders,PurchaseOrderNumber,Purchase_Order_Number,VARCHAR(30),CAST(? AS VARCHAR(30)) AS,,
ds_orders1,ds_orders1,orders,ShipName,varchar(50),Ship_Name,VARCHAR(50),,,,ds_orders1,orders,ShipName,Ship_Name,VARCHAR(50),CAST(? AS VARCHAR(50)) AS,,
ds_orders1,ds_orders1,orders,ShipAddress,varchar(255),Ship_Address,VARCHAR(255),,,,ds_orders1,orders,ShipAddress,Ship_Address,VARCHAR(255),CAST(? AS VARCHAR(255)) AS,,
ds_orders1,ds_orders1,orders,ShipCity,varchar(50),Ship_City,VARCHAR(50),,,,ds_orders1,orders,ShipCity,Ship_City,VARCHAR(50),CAST(? AS VARCHAR(50)) AS,,
ds_orders1,ds_orders1,orders,ShipStateOrProvince,varchar(50),Ship_State,VARCHAR(50),,,,ds_orders1,orders,ShipStateOrProvince,Ship_State,VARCHAR(50),CAST(? AS VARCHAR(50)) AS,,
ds_orders1,ds_orders1,orders,ShipPostalCode,varchar(20),Ship_Zip,VARCHAR(20),,,,ds_orders1,orders,ShipPostalCode,Ship_Zip,VARCHAR(20),CAST(? AS VARCHAR(20)) AS,,
ds_orders1,ds_orders1,orders,ShipCountry,varchar(50),Ship_Country,VARCHAR(50),,,,ds_orders1,orders,ShipCountry,Ship_Country,VARCHAR(50),CAST(? AS VARCHAR(50)) AS,,
ds_orders1,ds_orders1,orders,ShipPhoneNumber,varchar(30),Ship_Phone_Number,VARCHAR(30),,,,ds_orders1,orders,ShipPhoneNumber,Ship_Phone_Number,VARCHAR(30),CAST(? AS VARCHAR(30)) AS,,
ds_orders1,ds_orders1,orders,ShipDate,date,Ship_Date,DATE,,,,ds_orders1,orders,ShipDate,Ship_Date,DATE,CAST(? AS DATE) AS,,
ds_orders1,ds_orders1,orders,ShippingMethodID,int(11),Shipping_Method_Id,INTEGER,,,,ds_orders1,orders,ShippingMethodID,Shipping_Method_Id,INTEGER,CAST(? AS INTEGER) AS,,
ds_orders1,ds_orders1,orders,FreightCharge,"decimal(12,2)",Freight_Charge,"DECIMAL(12,2)",,,,ds_orders1,orders,FreightCharge,Freight_Charge,"DECIMAL(12,2)","CAST(? AS DECIMAL(12,2)) AS",,
ds_orders1,ds_orders1,orders,,,Data_Source,VARCHAR(20),'ORDERS1',,,ds_orders1,orders,,Data_Source,VARCHAR(20),CAST('ORDERS1' AS VARCHAR(20)) AS,,
ds_orders1,,ds_orders1,shippingmethods,,Shipping_Methods,,,,,,ds_orders1,shippingmethods,Shipping_Methods,,,,
ds_orders1,ds_orders1,shippingmethods,ShippingMethodID,int(11),Shipping_Method_Id,INTEGER,,,,ds_orders1,shippingmethods,ShippingMethodID,Shipping_Method_Id,INTEGER,CAST(? AS INTEGER) AS,,
ds_orders1,ds_orders1,shippingmethods,ShippingMethod,varchar(20),Shipping_Method,VARCHAR(20),,,,ds_orders1,shippingmethods,ShippingMethod,Shipping_Method,VARCHAR(20),CAST(? AS VARCHAR(20)) AS,,
ds_inventory,,ds_inventory,inventorytransactions,,Inventory_Transactions,,,,,,ds_inventory,inventorytransactions,Inventory_Transactions,,,,
ds_inventory,ds_inventory,inventorytransactions,TransactionID,int(11),Transaction_Id,INTEGER,,,,ds_inventory,inventorytransactions,TransactionID,Transaction_Id,INTEGER,CAST(? AS INTEGER) AS,,
ds_inventory,ds_inventory,inventorytransactions,TransactionDate,date,Transaction_Date,DATE,,,,ds_inventory,inventorytransactions,TransactionDate,Transaction_Date,DATE,CAST(? AS DATE) AS,,
ds_inventory,ds_inventory,inventorytransactions,ProductID,int(11),Product_Id,INTEGER,,,,ds_inventory,inventorytransactions,ProductID,Product_Id,INTEGER,CAST(? AS INTEGER) AS,,
ds_inventory,ds_inventory,inventorytransactions,PurchaseOrderID,int(11),Purchase_Order_Id,INTEGER,,,,ds_inventory,inventorytransactions,PurchaseOrderID,Purchase_Order_Id,INTEGER,CAST(? AS INTEGER) AS,,
ds_inventory,ds_inventory,inventorytransactions,TransactionDescription,varchar(255),Transaction_Description,VARCHAR(255),,,,ds_inventory,inventorytransactions,TransactionDescription,Transaction_Description,VARCHAR(255),CAST(? AS VARCHAR(255)) AS,,
ds_inventory,ds_inventory,inventorytransactions,UnitPrice,"decimal(19,0)",Unit_Price,"DECIMAL(19,0)",,,,ds_inventory,inventorytransactions,UnitPrice,Unit_Price,"DECIMAL(19,0)","CAST(? AS DECIMAL(19,0)) AS",,
ds_inventory,ds_inventory,inventorytransactions,UnitsOrdered,int(11),Units_Ordered,INTEGER,,,,ds_inventory,inventorytransactions,UnitsOrdered,Units_Ordered,INTEGER,CAST(? AS INTEGER) AS,,
ds_inventory,ds_inventory,inventorytransactions,UnitsReceived,int(11),Units_Received,INTEGER,,,,ds_inventory,inventorytransactions,UnitsReceived,Units_Received,INTEGER,CAST(? AS INTEGER) AS,,
ds_inventory,ds_inventory,inventorytransactions,UnitsSold,int(11),Units_Sold,INTEGER,,,,ds_inventory,inventorytransactions,UnitsSold,Units_Sold,INTEGER,CAST(? AS INTEGER) AS,,
ds_inventory,ds_inventory,inventorytransactions,UnitsShrinkage,int(11),Units_Shrinkage,INTEGER,,,,ds_inventory,inventorytransactions,UnitsShrinkage,Units_Shrinkage,INTEGER,CAST(? AS INTEGER) AS,,
ds_inventory,,ds_inventory,products,,Products,,,,,,ds_inventory,products,Products,,,,
ds_inventory,ds_inventory,products,ProductID,int(11),Product_Id,INTEGER,,,,ds_inventory,products,ProductID,Product_Id,INTEGER,CAST(? AS INTEGER) AS,,
ds_inventory,ds_inventory,products,ProductName,varchar(50),Product_Name,VARCHAR(50),,,,ds_inventory,products,ProductName,Product_Name,VARCHAR(50),CAST(? AS VARCHAR(50)) AS,,
ds_inventory,ds_inventory,products,ProductDescription,varchar(255),Product_Description,VARCHAR(255),,,,ds_inventory,products,ProductDescription,Product_Description,VARCHAR(255),CAST(? AS VARCHAR(255)) AS,,
ds_inventory,ds_inventory,products,CategoryID,int(11),Category_Id,INTEGER,,,,ds_inventory,products,CategoryID,Category_Id,INTEGER,CAST(? AS INTEGER) AS,,
ds_inventory,ds_inventory,products,SerialNumber,varchar(50),Serial_Number,VARCHAR(50),,,,ds_inventory,products,SerialNumber,Serial_Number,VARCHAR(50),CAST(? AS VARCHAR(50)) AS,,
ds_inventory,ds_inventory,products,UnitPrice,"decimal(12,2)",Unit_Price,"DECIMAL(12,2)",,,,ds_inventory,products,UnitPrice,Unit_Price,"DECIMAL(12,2)","CAST(? AS DECIMAL(12,2)) AS",,
ds_inventory,ds_inventory,products,ReorderLevel,int(11),Reorder_Level,INTEGER,,,,ds_inventory,products,ReorderLevel,Reorder_Level,INTEGER,CAST(? AS INTEGER) AS,,
ds_inventory,ds_inventory,products,LeadTime,varchar(30),Lead_Time,VARCHAR(30),,,,ds_inventory,products,LeadTime,Lead_Time,VARCHAR(30),CAST(? AS VARCHAR(30)) AS,,
ds_inventory,,ds_inventory,purchaseorders,,Purchase_Orders,,,,,,ds_inventory,purchaseorders,Purchase_Orders,,,,
ds_inventory,ds_inventory,purchaseorders,PurchaseOrderID,int(11),Purchase_Order_Id,INTEGER,,,,ds_inventory,purchaseorders,PurchaseOrderID,Purchase_Order_Id,INTEGER,CAST(? AS INTEGER) AS,,
ds_inventory,ds_inventory,purchaseorders,PONumber,varchar(30),Po_Number,VARCHAR(30),,,,ds_inventory,purchaseorders,PONumber,Po_Number,VARCHAR(30),CAST(? AS VARCHAR(30)) AS,,
ds_inventory,ds_inventory,purchaseorders,PurchaseOrderDescription,varchar(255),Purchase_Order_Description,VARCHAR(255),,,,ds_inventory,purchaseorders,PurchaseOrderDescription,Purchase_Order_Description,VARCHAR(255),CAST(? AS VARCHAR(255)) AS,,
ds_inventory,ds_inventory,purchaseorders,SupplierID,int(11),Supplier_Id,INTEGER,,,,ds_inventory,purchaseorders,SupplierID,Supplier_Id,INTEGER,CAST(? AS INTEGER) AS,,
ds_inventory,ds_inventory,purchaseorders,EmployeeID,int(11),Employee_Id,INTEGER,,,,ds_inventory,purchaseorders,EmployeeID,Employee_Id,INTEGER,CAST(? AS INTEGER) AS,,
ds_inventory,ds_inventory,purchaseorders,OrderDate,date,Order_Date,DATE,,,,ds_inventory,purchaseorders,OrderDate,Order_Date,DATE,CAST(? AS DATE) AS,,
ds_inventory,ds_inventory,purchaseorders,DateRequired,date,Date_Required,DATE,,,,ds_inventory,purchaseorders,DateRequired,Date_Required,DATE,CAST(? AS DATE) AS,,
ds_inventory,ds_inventory,purchaseorders,DatePromised,date,Date_Promised,DATE,,,,ds_inventory,purchaseorders,DatePromised,Date_Promised,DATE,CAST(? AS DATE) AS,,
ds_inventory,ds_inventory,purchaseorders,ShipDate,date,Ship_Date,DATE,,,,ds_inventory,purchaseorders,ShipDate,Ship_Date,DATE,CAST(? AS DATE) AS,,
ds_inventory,ds_inventory,purchaseorders,ShippingMethodID,int(11),Shipping_Method_Id,INTEGER,,,,ds_inventory,purchaseorders,ShippingMethodID,Shipping_Method_Id,INTEGER,CAST(? AS INTEGER) AS,,
ds_inventory,ds_inventory,purchaseorders,FreightCharge,"decimal(12,2)",Freight_Charge,"DECIMAL(12,2)",,,,ds_inventory,purchaseorders,FreightCharge,Freight_Charge,"DECIMAL(12,2)","CAST(? AS DECIMAL(12,2)) AS",,
ds_inventory,,ds_inventory,suppliers,,Suppliers,,,,,,ds_inventory,suppliers,Suppliers,,,,
ds_inventory,ds_inventory,suppliers,SupplierID,int(11),Supplier_Id,INTEGER,,,,ds_inventory,suppliers,SupplierID,Supplier_Id,INTEGER,CAST(? AS INTEGER) AS,,
ds_inventory,ds_inventory,suppliers,SupplierName,varchar(50),Supplier_Name,VARCHAR(50),,,,ds_inventory,suppliers,SupplierName,Supplier_Name,VARCHAR(50),CAST(? AS VARCHAR(50)) AS,,
ds_inventory,ds_inventory,suppliers,ContactName,varchar(50),Contact_Name,VARCHAR(50),,,,ds_inventory,suppliers,ContactName,Contact_Name,VARCHAR(50),CAST(? AS VARCHAR(50)) AS,,
ds_inventory,ds_inventory,suppliers,ContactTitle,varchar(50),Contact_Title,VARCHAR(50),,,,ds_inventory,suppliers,ContactTitle,Contact_Title,VARCHAR(50),CAST(? AS VARCHAR(50)) AS,,
ds_inventory,ds_inventory,suppliers,Address,varchar(255),Address,VARCHAR(255),,,,ds_inventory,suppliers,Address,Address,VARCHAR(255),CAST(? AS VARCHAR(255)) AS,,
ds_inventory,ds_inventory,suppliers,City,varchar(50),City,VARCHAR(50),,,,ds_inventory,suppliers,City,City,VARCHAR(50),CAST(? AS VARCHAR(50)) AS,,
ds_inventory,ds_inventory,suppliers,PostalCode,varchar(20),Zip,VARCHAR(20),,,,ds_inventory,suppliers,PostalCode,Zip,VARCHAR(20),CAST(? AS VARCHAR(20)) AS,,
ds_inventory,ds_inventory,suppliers,StateOrProvince,varchar(20),State,VARCHAR(20),,,,ds_inventory,suppliers,StateOrProvince,State,VARCHAR(20),CAST(? AS VARCHAR(20)) AS,,
ds_inventory,ds_inventory,suppliers,CountryRegion,varchar(50),Country,VARCHAR(50),,,,ds_inventory,suppliers,CountryRegion,Country,VARCHAR(50),CAST(? AS VARCHAR(50)) AS,,
ds_inventory,ds_inventory,suppliers,PhoneNumber,varchar(30),Phone_Number,VARCHAR(30),,,,ds_inventory,suppliers,PhoneNumber,Phone_Number,VARCHAR(30),CAST(? AS VARCHAR(30)) AS,,
ds_inventory,ds_inventory,suppliers,FaxNumber,varchar(30),Fax_Number,VARCHAR(30),,,,ds_inventory,suppliers,FaxNumber,Fax_Number,VARCHAR(30),CAST(? AS VARCHAR(30)) AS,,
cisOraDemoDS,,CISORADEMO,CUSTOMERS,,Customers,,,Customer data.<LF><TAB>The customer data contains a unique row for each customer.,,,CISORADEMO,CUSTOMERS,Customers,,,Customer data.<LF><TAB>The customer data contains a unique row for each customer.,
cisOraDemoDS,CISORADEMO,CUSTOMERS,CUSTOMER_ID,"NUMBER(5,0)",CustomerId,INTEGER,,Customer Identifier,,CISORADEMO,CUSTOMERS,CUSTOMER_ID,CustomerId,INTEGER,CAST(? AS INTEGER) AS,Customer Identifier,
cisOraDemoDS,CISORADEMO,CUSTOMERS,COMPANY_NAME,VARCHAR2(50),CompanyName,VARCHAR(50),,Company Name,,CISORADEMO,CUSTOMERS,COMPANY_NAME,CompanyName,VARCHAR(50),CAST(? AS VARCHAR(50)) AS,Company Name,
cisOraDemoDS,CISORADEMO,CUSTOMERS,CONTACT_FIRST_NAME,VARCHAR2(30),ContactFirstName,VARCHAR(30),,Contact First Name,,CISORADEMO,CUSTOMERS,CONTACT_FIRST_NAME,ContactFirstName,VARCHAR(30),CAST(? AS VARCHAR(30)) AS,Contact First Name,
cisOraDemoDS,CISORADEMO,CUSTOMERS,CONTACT_LAST_NAME,VARCHAR2(50),ContactLastName,VARCHAR(50),,Contact Last Name,,CISORADEMO,CUSTOMERS,CONTACT_LAST_NAME,ContactLastName,VARCHAR(50),CAST(? AS VARCHAR(50)) AS,Contact Last Name,
cisOraDemoDS,CISORADEMO,CUSTOMERS,BILLING_ADDRESS,VARCHAR2(255),BillingAddress,VARCHAR(255),,Company Billing Address,,CISORADEMO,CUSTOMERS,BILLING_ADDRESS,BillingAddress,VARCHAR(255),CAST(? AS VARCHAR(255)) AS,Company Billing Address,
cisOraDemoDS,CISORADEMO,CUSTOMERS,CITY,VARCHAR2(50),City,VARCHAR(50),,City,,CISORADEMO,CUSTOMERS,CITY,City,VARCHAR(50),CAST(? AS VARCHAR(50)) AS,City,
cisOraDemoDS,CISORADEMO,CUSTOMERS,STATE_OR_PROVINCE,VARCHAR2(20),StateOrProvince,VARCHAR(20),,State or Province,,CISORADEMO,CUSTOMERS,STATE_OR_PROVINCE,StateOrProvince,VARCHAR(20),CAST(? AS VARCHAR(20)) AS,State or Province,
cisOraDemoDS,CISORADEMO,CUSTOMERS,POSTAL_CODE,VARCHAR2(20),PostalCode,VARCHAR(20),,Postal/Zip Code,,CISORADEMO,CUSTOMERS,POSTAL_CODE,PostalCode,VARCHAR(20),CAST(? AS VARCHAR(20)) AS,Postal/Zip Code,
cisOraDemoDS,CISORADEMO,CUSTOMERS,COUNTRY_REGION,VARCHAR2(50),CountryRegion,VARCHAR(50),,Country or Region,,CISORADEMO,CUSTOMERS,COUNTRY_REGION,CountryRegion,VARCHAR(50),CAST(? AS VARCHAR(50)) AS,Country or Region,
cisOraDemoDS,CISORADEMO,CUSTOMERS,CONTACT_TITLE,VARCHAR2(50),ContactTitle,VARCHAR(50),,Contact Title,,CISORADEMO,CUSTOMERS,CONTACT_TITLE,ContactTitle,VARCHAR(50),CAST(? AS VARCHAR(50)) AS,Contact Title,
cisOraDemoDS,CISORADEMO,CUSTOMERS,PHONE_NUMBER,VARCHAR2(30),PhoneNumber,VARCHAR(30),,Contact Phone Number,,CISORADEMO,CUSTOMERS,PHONE_NUMBER,PhoneNumber,VARCHAR(30),CAST(? AS VARCHAR(30)) AS,Contact Phone Number,
cisOraDemoDS,CISORADEMO,CUSTOMERS,FAX_NUMBER,VARCHAR2(30),FaxNumber,VARCHAR(30),CASE ?  WHEN ''  THEN NULL ELSE ?  END,Fax Number shows an example of casting blanks to nulls,,CISORADEMO,CUSTOMERS,FAX_NUMBER,FaxNumber,VARCHAR(30),CAST(CASE ?  WHEN ''  THEN NULL ELSE ?  END AS VARCHAR(30)) AS,Fax Number shows an example of casting blanks to nulls,
cisOraDemoDS,CISORADEMO,CUSTOMERS,MOD_DT,TIMESTAMP(6),ModifiedDate,TIMESTAMP,,Record Modification Date,,CISORADEMO,CUSTOMERS,MOD_DT,ModifiedDate,TIMESTAMP,CAST(? AS TIMESTAMP) AS,Record Modification Date,
cisOraDemoDS,CISORADEMO,CUSTOMERS,,,CurrentDate,DATE,CURRENT_DATE(),CurrentDate is an example of a new column derived from the Composite CURRENT_DATE function.,,CISORADEMO,CUSTOMERS,,CurrentDate,DATE,CAST(CURRENT_DATE() AS DATE) AS,CurrentDate is an example of a new column derived from the Composite CURRENT_DATE function.,
cisOraDemoDS,,CISORADEMO,EMPLOYEES,,Employees,,,Employee information,,,CISORADEMO,EMPLOYEES,Employees,,,Employee information,
cisOraDemoDS,CISORADEMO,EMPLOYEES,EMPLOYEE_ID,"NUMBER(5,0)",EmployeeId,INTEGER,,,,CISORADEMO,EMPLOYEES,EMPLOYEE_ID,EmployeeId,INTEGER,CAST(? AS INTEGER) AS,,
cisOraDemoDS,CISORADEMO,EMPLOYEES,FIRST_NAME,VARCHAR2(50),FirstName,VARCHAR(50),,,,CISORADEMO,EMPLOYEES,FIRST_NAME,FirstName,VARCHAR(50),CAST(? AS VARCHAR(50)) AS,,
cisOraDemoDS,CISORADEMO,EMPLOYEES,LAST_NAME,VARCHAR2(50),LastName,VARCHAR(50),,,,CISORADEMO,EMPLOYEES,LAST_NAME,LastName,VARCHAR(50),CAST(? AS VARCHAR(50)) AS,,
cisOraDemoDS,CISORADEMO,EMPLOYEES,TITLE,VARCHAR2(50),Title,VARCHAR(50),,,,CISORADEMO,EMPLOYEES,TITLE,Title,VARCHAR(50),CAST(? AS VARCHAR(50)) AS,,
cisOraDemoDS,CISORADEMO,EMPLOYEES,EXTENSION,VARCHAR2(30),Extension,VARCHAR(30),,,,CISORADEMO,EMPLOYEES,EXTENSION,Extension,VARCHAR(30),CAST(? AS VARCHAR(30)) AS,,
cisOraDemoDS,CISORADEMO,EMPLOYEES,WORK_PHONE,VARCHAR2(30),WorkPhone,VARCHAR(30),,,,CISORADEMO,EMPLOYEES,WORK_PHONE,WorkPhone,VARCHAR(30),CAST(? AS VARCHAR(30)) AS,,
cisOraDemoDS,CISORADEMO,EMPLOYEES,MOD_DT,TIMESTAMP(6),ModifiedDate,TIMESTAMP,,,,CISORADEMO,EMPLOYEES,MOD_DT,ModifiedDate,TIMESTAMP,CAST(? AS TIMESTAMP) AS,,
cisOraDemoDS,,CISORADEMO,ORDER_DETAILS,,OrderDetails,,,Order Details Information,,,CISORADEMO,ORDER_DETAILS,OrderDetails,,,Order Details Information,
cisOraDemoDS,CISORADEMO,ORDER_DETAILS,ORDER_ID,"NUMBER(5,0)",OrderId,INTEGER,,,,CISORADEMO,ORDER_DETAILS,ORDER_ID,OrderId,INTEGER,CAST(? AS INTEGER) AS,,
cisOraDemoDS,CISORADEMO,ORDER_DETAILS,PRODUCT_ID,"NUMBER(5,0)",ProductId,INTEGER,,,,CISORADEMO,ORDER_DETAILS,PRODUCT_ID,ProductId,INTEGER,CAST(? AS INTEGER) AS,,
cisOraDemoDS,CISORADEMO,ORDER_DETAILS,UNIT_PRICE,"NUMBER(19,2)",UnitPrice,"DECIMAL(19,2)",,,,CISORADEMO,ORDER_DETAILS,UNIT_PRICE,UnitPrice,"DECIMAL(19,2)","CAST(? AS DECIMAL(19,2)) AS",,
cisOraDemoDS,CISORADEMO,ORDER_DETAILS,QUANTITY,"NUMBER(4,0)",Quantity,SMALLINT,,,,CISORADEMO,ORDER_DETAILS,QUANTITY,Quantity,SMALLINT,CAST(? AS SMALLINT) AS,,
cisOraDemoDS,CISORADEMO,ORDER_DETAILS,DISCOUNT,"NUMBER(8,2)",Discount,"DECIMAL(8,2)",,,,CISORADEMO,ORDER_DETAILS,DISCOUNT,Discount,"DECIMAL(8,2)","CAST(? AS DECIMAL(8,2)) AS",,
cisOraDemoDS,CISORADEMO,ORDER_DETAILS,MOD_DT,TIMESTAMP(6),ModifiedDate,TIMESTAMP,,,,CISORADEMO,ORDER_DETAILS,MOD_DT,ModifiedDate,TIMESTAMP,CAST(? AS TIMESTAMP) AS,,
cisOraDemoDS,,CISORADEMO,ORDER_DETAILS_HISTORY,,OrderDetailsHistory,,,Order Details History Information,,,CISORADEMO,ORDER_DETAILS_HISTORY,OrderDetailsHistory,,,Order Details History Information,
cisOraDemoDS,CISORADEMO,ORDER_DETAILS_HISTORY,ORDER_ID,"NUMBER(5,0)",OrderId,INTEGER,,,,CISORADEMO,ORDER_DETAILS_HISTORY,ORDER_ID,OrderId,INTEGER,CAST(? AS INTEGER) AS,,
cisOraDemoDS,CISORADEMO,ORDER_DETAILS_HISTORY,PRODUCT_ID,"NUMBER(5,0)",ProductId,INTEGER,,,,CISORADEMO,ORDER_DETAILS_HISTORY,PRODUCT_ID,ProductId,INTEGER,CAST(? AS INTEGER) AS,,
cisOraDemoDS,CISORADEMO,ORDER_DETAILS_HISTORY,UNIT_PRICE,"NUMBER(19,2)",UnitPrice,"DECIMAL(19,2)",,,,CISORADEMO,ORDER_DETAILS_HISTORY,UNIT_PRICE,UnitPrice,"DECIMAL(19,2)","CAST(? AS DECIMAL(19,2)) AS",,
cisOraDemoDS,CISORADEMO,ORDER_DETAILS_HISTORY,QUANTITY,"NUMBER(4,0)",Quantity,SMALLINT,,,,CISORADEMO,ORDER_DETAILS_HISTORY,QUANTITY,Quantity,SMALLINT,CAST(? AS SMALLINT) AS,,
cisOraDemoDS,CISORADEMO,ORDER_DETAILS_HISTORY,DISCOUNT,"NUMBER(8,2)",Discount,"DECIMAL(8,2)",,,,CISORADEMO,ORDER_DETAILS_HISTORY,DISCOUNT,Discount,"DECIMAL(8,2)","CAST(? AS DECIMAL(8,2)) AS",,
cisOraDemoDS,CISORADEMO,ORDER_DETAILS_HISTORY,MOD_DT,TIMESTAMP(6),ModifiedDate,TIMESTAMP,,,,CISORADEMO,ORDER_DETAILS_HISTORY,MOD_DT,ModifiedDate,TIMESTAMP,CAST(? AS TIMESTAMP) AS,,
cisOraDemoDS,,CISORADEMO,ORDERS,,Orders,,,Orders Information,,,CISORADEMO,ORDERS,Orders,,,Orders Information,
cisOraDemoDS,CISORADEMO,ORDERS,ORDER_ID,"NUMBER(5,0)",OrderId,INTEGER,,,,CISORADEMO,ORDERS,ORDER_ID,OrderId,INTEGER,CAST(? AS INTEGER) AS,,
cisOraDemoDS,CISORADEMO,ORDERS,CUSTOMER_ID,"NUMBER(5,0)",CustomerId,INTEGER,,,,CISORADEMO,ORDERS,CUSTOMER_ID,CustomerId,INTEGER,CAST(? AS INTEGER) AS,,
cisOraDemoDS,CISORADEMO,ORDERS,EMPLOYEE_ID,"NUMBER(5,0)",EmployeeId,INTEGER,,,,CISORADEMO,ORDERS,EMPLOYEE_ID,EmployeeId,INTEGER,CAST(? AS INTEGER) AS,,
cisOraDemoDS,CISORADEMO,ORDERS,ORDER_DATE,VARCHAR2(26),OrderDate,VARCHAR(26),,,,CISORADEMO,ORDERS,ORDER_DATE,OrderDate,VARCHAR(26),CAST(? AS VARCHAR(26)) AS,,
cisOraDemoDS,CISORADEMO,ORDERS,REQUIRED_DATE,VARCHAR2(26),RequiredDate,VARCHAR(26),,,,CISORADEMO,ORDERS,REQUIRED_DATE,RequiredDate,VARCHAR(26),CAST(? AS VARCHAR(26)) AS,,
cisOraDemoDS,CISORADEMO,ORDERS,SHIPPED_DATE,VARCHAR2(26),ShippedDate,DATE,,Example of casting one format to another,,CISORADEMO,ORDERS,SHIPPED_DATE,ShippedDate,DATE,CAST(? AS DATE) AS,Example of casting one format to another,
cisOraDemoDS,CISORADEMO,ORDERS,SHIP_VIA,"NUMBER(5,0)",ShipVia,INTEGER,,,,CISORADEMO,ORDERS,SHIP_VIA,ShipVia,INTEGER,CAST(? AS INTEGER) AS,,
cisOraDemoDS,CISORADEMO,ORDERS,FREIGHT,"NUMBER(8,2)",Freight,"DECIMAL(8,2)",,,,CISORADEMO,ORDERS,FREIGHT,Freight,"DECIMAL(8,2)","CAST(? AS DECIMAL(8,2)) AS",,
cisOraDemoDS,CISORADEMO,ORDERS,SHIP_NAME,VARCHAR2(40),ShipName,VARCHAR(40),,,,CISORADEMO,ORDERS,SHIP_NAME,ShipName,VARCHAR(40),CAST(? AS VARCHAR(40)) AS,,
cisOraDemoDS,CISORADEMO,ORDERS,SHIP_ADDRESS,VARCHAR2(60),ShipAddress,VARCHAR(60),,,,CISORADEMO,ORDERS,SHIP_ADDRESS,ShipAddress,VARCHAR(60),CAST(? AS VARCHAR(60)) AS,,
cisOraDemoDS,CISORADEMO,ORDERS,SHIP_CITY,VARCHAR2(15),ShipCity,VARCHAR(15),,,,CISORADEMO,ORDERS,SHIP_CITY,ShipCity,VARCHAR(15),CAST(? AS VARCHAR(15)) AS,,
cisOraDemoDS,CISORADEMO,ORDERS,SHIP_REGION,VARCHAR2(15),ShipRegion,VARCHAR(15),,,,CISORADEMO,ORDERS,SHIP_REGION,ShipRegion,VARCHAR(15),CAST(? AS VARCHAR(15)) AS,,
cisOraDemoDS,CISORADEMO,ORDERS,SHIP_POSTAL_CODE,VARCHAR2(10),ShipPostalCode,VARCHAR(10),,,,CISORADEMO,ORDERS,SHIP_POSTAL_CODE,ShipPostalCode,VARCHAR(10),CAST(? AS VARCHAR(10)) AS,,
cisOraDemoDS,CISORADEMO,ORDERS,SHIP_COUNTRY,VARCHAR2(15),ShipCountry,VARCHAR(3),trim(?),Example of composite function,,CISORADEMO,ORDERS,SHIP_COUNTRY,ShipCountry,VARCHAR(3),CAST(trim(?) AS VARCHAR(3)) AS,Example of composite function,
cisOraDemoDS,CISORADEMO,ORDERS,MOD_DT,TIMESTAMP(6),ModifiedDate,TIMESTAMP,,,,CISORADEMO,ORDERS,MOD_DT,ModifiedDate,TIMESTAMP,CAST(? AS TIMESTAMP) AS,,
cisOraDemoDS,,CISORADEMO,ORDERS_HISTORY,,OrdersHistory,,,Order History Information,,,CISORADEMO,ORDERS_HISTORY,OrdersHistory,,,Order History Information,
cisOraDemoDS,CISORADEMO,ORDERS_HISTORY,ORDER_ID,"NUMBER(5,0)",OrderId,INTEGER,,,,CISORADEMO,ORDERS_HISTORY,ORDER_ID,OrderId,INTEGER,CAST(? AS INTEGER) AS,,
cisOraDemoDS,CISORADEMO,ORDERS_HISTORY,CUSTOMER_ID,"NUMBER(5,0)",CustomerId,INTEGER,,,,CISORADEMO,ORDERS_HISTORY,CUSTOMER_ID,CustomerId,INTEGER,CAST(? AS INTEGER) AS,,
cisOraDemoDS,CISORADEMO,ORDERS_HISTORY,EMPLOYEE_ID,"NUMBER(5,0)",EmployeeId,INTEGER,,,,CISORADEMO,ORDERS_HISTORY,EMPLOYEE_ID,EmployeeId,INTEGER,CAST(? AS INTEGER) AS,,
cisOraDemoDS,CISORADEMO,ORDERS_HISTORY,ORDER_DATE,VARCHAR2(26),OrderDate,VARCHAR(26),,,,CISORADEMO,ORDERS_HISTORY,ORDER_DATE,OrderDate,VARCHAR(26),CAST(? AS VARCHAR(26)) AS,,
cisOraDemoDS,CISORADEMO,ORDERS_HISTORY,REQUIRED_DATE,VARCHAR2(26),RequiredDate,VARCHAR(26),,,,CISORADEMO,ORDERS_HISTORY,REQUIRED_DATE,RequiredDate,VARCHAR(26),CAST(? AS VARCHAR(26)) AS,,
cisOraDemoDS,CISORADEMO,ORDERS_HISTORY,SHIPPED_DATE,VARCHAR2(26),ShippedDate,VARCHAR(26),,,,CISORADEMO,ORDERS_HISTORY,SHIPPED_DATE,ShippedDate,VARCHAR(26),CAST(? AS VARCHAR(26)) AS,,
cisOraDemoDS,CISORADEMO,ORDERS_HISTORY,SHIP_VIA,"NUMBER(5,0)",ShipVia,INTEGER,,,,CISORADEMO,ORDERS_HISTORY,SHIP_VIA,ShipVia,INTEGER,CAST(? AS INTEGER) AS,,
cisOraDemoDS,CISORADEMO,ORDERS_HISTORY,FREIGHT,"NUMBER(8,2)",Freight,"DECIMAL(8,2)",,,,CISORADEMO,ORDERS_HISTORY,FREIGHT,Freight,"DECIMAL(8,2)","CAST(? AS DECIMAL(8,2)) AS",,
cisOraDemoDS,CISORADEMO,ORDERS_HISTORY,SHIP_NAME,VARCHAR2(40),ShipName,VARCHAR(40),,,,CISORADEMO,ORDERS_HISTORY,SHIP_NAME,ShipName,VARCHAR(40),CAST(? AS VARCHAR(40)) AS,,
cisOraDemoDS,CISORADEMO,ORDERS_HISTORY,SHIP_ADDRESS,VARCHAR2(60),ShipAddress,VARCHAR(60),,,,CISORADEMO,ORDERS_HISTORY,SHIP_ADDRESS,ShipAddress,VARCHAR(60),CAST(? AS VARCHAR(60)) AS,,
cisOraDemoDS,CISORADEMO,ORDERS_HISTORY,SHIP_CITY,VARCHAR2(15),ShipCity,VARCHAR(15),,,,CISORADEMO,ORDERS_HISTORY,SHIP_CITY,ShipCity,VARCHAR(15),CAST(? AS VARCHAR(15)) AS,,
cisOraDemoDS,CISORADEMO,ORDERS_HISTORY,SHIP_REGION,VARCHAR2(15),ShipRegion,VARCHAR(15),,,,CISORADEMO,ORDERS_HISTORY,SHIP_REGION,ShipRegion,VARCHAR(15),CAST(? AS VARCHAR(15)) AS,,
cisOraDemoDS,CISORADEMO,ORDERS_HISTORY,SHIP_POSTAL_CODE,VARCHAR2(10),ShipPostalCode,VARCHAR(10),,,,CISORADEMO,ORDERS_HISTORY,SHIP_POSTAL_CODE,ShipPostalCode,VARCHAR(10),CAST(? AS VARCHAR(10)) AS,,
cisOraDemoDS,CISORADEMO,ORDERS_HISTORY,SHIP_COUNTRY,VARCHAR2(15),ShipCountry,VARCHAR(15),,,,CISORADEMO,ORDERS_HISTORY,SHIP_COUNTRY,ShipCountry,VARCHAR(15),CAST(? AS VARCHAR(15)) AS,,
cisOraDemoDS,CISORADEMO,ORDERS_HISTORY,MOD_DT,TIMESTAMP(6),ModifiedDate,TIMESTAMP,,,,CISORADEMO,ORDERS_HISTORY,MOD_DT,ModifiedDate,TIMESTAMP,CAST(? AS TIMESTAMP) AS,,
cisOraDemoDS,,CISORADEMO,PRODUCT,,Product,,,Product Information,,,CISORADEMO,PRODUCT,Product,,,Product Information,
cisOraDemoDS,CISORADEMO,PRODUCT,PRODUCT_ID,"NUMBER(5,0)",ProductId,INTEGER,,,,CISORADEMO,PRODUCT,PRODUCT_ID,ProductId,INTEGER,CAST(? AS INTEGER) AS,,
cisOraDemoDS,CISORADEMO,PRODUCT,PRODUCT_NAME,VARCHAR2(255),ProductName,VARCHAR(255),,,,CISORADEMO,PRODUCT,PRODUCT_NAME,ProductName,VARCHAR(255),CAST(? AS VARCHAR(255)) AS,,
cisOraDemoDS,CISORADEMO,PRODUCT,PRODUCT_DESCRIPTION,VARCHAR2(255),ProductDescription,VARCHAR(255),,,,CISORADEMO,PRODUCT,PRODUCT_DESCRIPTION,ProductDescription,VARCHAR(255),CAST(? AS VARCHAR(255)) AS,,
cisOraDemoDS,CISORADEMO,PRODUCT,SUPPLIER_ID,"NUMBER(5,0)",SupplierId,INTEGER,,,,CISORADEMO,PRODUCT,SUPPLIER_ID,SupplierId,INTEGER,CAST(? AS INTEGER) AS,,
cisOraDemoDS,CISORADEMO,PRODUCT,SERIAL_NUMBER,VARCHAR2(255),SerialNumber,VARCHAR(255),,,,CISORADEMO,PRODUCT,SERIAL_NUMBER,SerialNumber,VARCHAR(255),CAST(? AS VARCHAR(255)) AS,,
cisOraDemoDS,CISORADEMO,PRODUCT,UNIT_PRICE,"NUMBER(19,2)",UnitPrice,"DECIMAL(19,2)",,,,CISORADEMO,PRODUCT,UNIT_PRICE,UnitPrice,"DECIMAL(19,2)","CAST(? AS DECIMAL(19,2)) AS",,
cisOraDemoDS,CISORADEMO,PRODUCT,REORDER_LEVEL,"NUMBER(5,0)",ReorderLevel,INTEGER,,,,CISORADEMO,PRODUCT,REORDER_LEVEL,ReorderLevel,INTEGER,CAST(? AS INTEGER) AS,,
cisOraDemoDS,CISORADEMO,PRODUCT,LEAD_TIME,VARCHAR2(30),LeadTime,VARCHAR(30),,,,CISORADEMO,PRODUCT,LEAD_TIME,LeadTime,VARCHAR(30),CAST(? AS VARCHAR(30)) AS,,
cisOraDemoDS,CISORADEMO,PRODUCT,CATEGORY_ID,"NUMBER(5,0)",CategoryId,INTEGER,,,,CISORADEMO,PRODUCT,CATEGORY_ID,CategoryId,INTEGER,CAST(? AS INTEGER) AS,,
cisOraDemoDS,CISORADEMO,PRODUCT,MOD_DT,TIMESTAMP(6),ModifiedDate,TIMESTAMP,,,,CISORADEMO,PRODUCT,MOD_DT,ModifiedDate,TIMESTAMP,CAST(? AS TIMESTAMP) AS,,
cisOraDemoDS,,CISORADEMO,PRODUCT_CATEGORY,,ProductCategory,,,Producat Category Information,,,CISORADEMO,PRODUCT_CATEGORY,ProductCategory,,,Producat Category Information,
cisOraDemoDS,CISORADEMO,PRODUCT_CATEGORY,CATEGORY_ID,"NUMBER(5,0)",CategoryId,INTEGER,,,,CISORADEMO,PRODUCT_CATEGORY,CATEGORY_ID,CategoryId,INTEGER,CAST(? AS INTEGER) AS,,
cisOraDemoDS,CISORADEMO,PRODUCT_CATEGORY,CATEGORY_NAME,VARCHAR2(255),CategoryName,VARCHAR(255),,,,CISORADEMO,PRODUCT_CATEGORY,CATEGORY_NAME,CategoryName,VARCHAR(255),CAST(? AS VARCHAR(255)) AS,,
cisOraDemoDS,CISORADEMO,PRODUCT_CATEGORY,MOD_DT,TIMESTAMP(6),ModifiedDate,TIMESTAMP,,,,CISORADEMO,PRODUCT_CATEGORY,MOD_DT,ModifiedDate,TIMESTAMP,CAST(? AS TIMESTAMP) AS,,
cisOraDemoDS,,CISORADEMO,SUPPLIER,,Supplier,,,Supplier Information,,,CISORADEMO,SUPPLIER,Supplier,,,Supplier Information,
cisOraDemoDS,CISORADEMO,SUPPLIER,SUPPLIER_ID,"NUMBER(5,0)",SupplierId,INTEGER,,,,CISORADEMO,SUPPLIER,SUPPLIER_ID,SupplierId,INTEGER,CAST(? AS INTEGER) AS,,
cisOraDemoDS,CISORADEMO,SUPPLIER,COMPANY_NAME,VARCHAR2(255),CompanyName,VARCHAR(255),,,,CISORADEMO,SUPPLIER,COMPANY_NAME,CompanyName,VARCHAR(255),CAST(? AS VARCHAR(255)) AS,,
cisOraDemoDS,CISORADEMO,SUPPLIER,CONTACT_NAME,VARCHAR2(100),ContactName,VARCHAR(100),,,,CISORADEMO,SUPPLIER,CONTACT_NAME,ContactName,VARCHAR(100),CAST(? AS VARCHAR(100)) AS,,
cisOraDemoDS,CISORADEMO,SUPPLIER,CONTACT_TITLE,VARCHAR2(30),ContactTitle,VARCHAR(30),,,,CISORADEMO,SUPPLIER,CONTACT_TITLE,ContactTitle,VARCHAR(30),CAST(? AS VARCHAR(30)) AS,,
cisOraDemoDS,CISORADEMO,SUPPLIER,ADDRESS,VARCHAR2(255),Address,VARCHAR(255),,,,CISORADEMO,SUPPLIER,ADDRESS,Address,VARCHAR(255),CAST(? AS VARCHAR(255)) AS,,
cisOraDemoDS,CISORADEMO,SUPPLIER,CITY,VARCHAR2(30),City,VARCHAR(30),,,,CISORADEMO,SUPPLIER,CITY,City,VARCHAR(30),CAST(? AS VARCHAR(30)) AS,,
cisOraDemoDS,CISORADEMO,SUPPLIER,REGION,VARCHAR2(30),Region,VARCHAR(30),,,,CISORADEMO,SUPPLIER,REGION,Region,VARCHAR(30),CAST(? AS VARCHAR(30)) AS,,
cisOraDemoDS,CISORADEMO,SUPPLIER,POSTAL_CODE,VARCHAR2(30),PostalCode,VARCHAR(30),,,,CISORADEMO,SUPPLIER,POSTAL_CODE,PostalCode,VARCHAR(30),CAST(? AS VARCHAR(30)) AS,,
cisOraDemoDS,CISORADEMO,SUPPLIER,COUNTRY,VARCHAR2(30),Country,VARCHAR(30),,,,CISORADEMO,SUPPLIER,COUNTRY,Country,VARCHAR(30),CAST(? AS VARCHAR(30)) AS,,
cisOraDemoDS,CISORADEMO,SUPPLIER,PHONE,VARCHAR2(30),Phone,VARCHAR(30),,,,CISORADEMO,SUPPLIER,PHONE,Phone,VARCHAR(30),CAST(? AS VARCHAR(30)) AS,,
cisOraDemoDS,CISORADEMO,SUPPLIER,FAX,VARCHAR2(30),Fax,VARCHAR(30),,,,CISORADEMO,SUPPLIER,FAX,Fax,VARCHAR(30),CAST(? AS VARCHAR(30)) AS,,
cisOraDemoDS,CISORADEMO,SUPPLIER,HOME_PAGE,VARCHAR2(255),HomePage,VARCHAR(255),,,,CISORADEMO,SUPPLIER,HOME_PAGE,HomePage,VARCHAR(255),CAST(? AS VARCHAR(255)) AS,,
cisOraDemoDS,CISORADEMO,SUPPLIER,MOD_DT,TIMESTAMP(6),ModifiedDate,TIMESTAMP,,,,CISORADEMO,SUPPLIER,MOD_DT,ModifiedDate,TIMESTAMP,CAST(? AS TIMESTAMP) AS,,
cisOraDemoDS,,CISORADEMO,SUPPORTING_DOCUMENTS,,SupportingDocuments,,,Supporting Documents Information,,,CISORADEMO,SUPPORTING_DOCUMENTS,SupportingDocuments,,,Supporting Documents Information,
cisOraDemoDS,CISORADEMO,SUPPORTING_DOCUMENTS,SUPPORTING_DOCUMENTS_ID,"NUMBER(5,0)",SupportingDocumentsId,INTEGER,,,,CISORADEMO,SUPPORTING_DOCUMENTS,SUPPORTING_DOCUMENTS_ID,SupportingDocumentsId,INTEGER,CAST(? AS INTEGER) AS,,
cisOraDemoDS,CISORADEMO,SUPPORTING_DOCUMENTS,FILE_CONTENT_BLOB,BLOB,FileContentBlob,BLOB,,,,CISORADEMO,SUPPORTING_DOCUMENTS,FILE_CONTENT_BLOB,FileContentBlob,BLOB,CAST(? AS BLOB) AS,,
cisOraDemoDS,CISORADEMO,SUPPORTING_DOCUMENTS,FILE_CONTENT_CLOB,CLOB,FileContentClob,CLOB,,,,CISORADEMO,SUPPORTING_DOCUMENTS,FILE_CONTENT_CLOB,FileContentClob,CLOB,CAST(? AS CLOB) AS,,
cisOraDemoDS,CISORADEMO,SUPPORTING_DOCUMENTS,FILE_NAME,VARCHAR2(255),FileName,VARCHAR(255),,,,CISORADEMO,SUPPORTING_DOCUMENTS,FILE_NAME,FileName,VARCHAR(255),CAST(? AS VARCHAR(255)) AS,,
cisOraDemoDS,CISORADEMO,SUPPORTING_DOCUMENTS,FILE_EXTENSION,VARCHAR2(255),FileExtension,VARCHAR(255),,,,CISORADEMO,SUPPORTING_DOCUMENTS,FILE_EXTENSION,FileExtension,VARCHAR(255),CAST(? AS VARCHAR(255)) AS,,
cisOraDemoDS,CISORADEMO,SUPPORTING_DOCUMENTS,SIGNED_DOC_YN,VARCHAR2(1),SignedDocYn,VARCHAR(1),,,,CISORADEMO,SUPPORTING_DOCUMENTS,SIGNED_DOC_YN,SignedDocYn,VARCHAR(1),CAST(? AS VARCHAR(1)) AS,,
cisOraDemoDS,CISORADEMO,SUPPORTING_DOCUMENTS,TYPE_CODE,VARCHAR2(255),TypeCode,VARCHAR(255),,,,CISORADEMO,SUPPORTING_DOCUMENTS,TYPE_CODE,TypeCode,VARCHAR(255),CAST(? AS VARCHAR(255)) AS,,
cisOraDemoDS,CISORADEMO,SUPPORTING_DOCUMENTS,CUSTOMER_ID,"NUMBER(5,0)",CustomerId,INTEGER,,,,CISORADEMO,SUPPORTING_DOCUMENTS,CUSTOMER_ID,CustomerId,INTEGER,CAST(? AS INTEGER) AS,,
cisOraDemoDS,CISORADEMO,SUPPORTING_DOCUMENTS,ORDER_ID,"NUMBER(5,0)",OrderId,INTEGER,,,,CISORADEMO,SUPPORTING_DOCUMENTS,ORDER_ID,OrderId,INTEGER,CAST(? AS INTEGER) AS,,
cisOraDemoDS,CISORADEMO,SUPPORTING_DOCUMENTS,CREATE_BY,"NUMBER(5,0)",CreateBy,INTEGER,,,,CISORADEMO,SUPPORTING_DOCUMENTS,CREATE_BY,CreateBy,INTEGER,CAST(? AS INTEGER) AS,,
cisOraDemoDS,CISORADEMO,SUPPORTING_DOCUMENTS,CREATE_DT,DATE,CreateDate,TIMESTAMP,,,,CISORADEMO,SUPPORTING_DOCUMENTS,CREATE_DT,CreateDate,TIMESTAMP,CAST(? AS TIMESTAMP) AS,,
cisOraDemoDS,CISORADEMO,SUPPORTING_DOCUMENTS,MOD_BY,"NUMBER(5,0)",ModBy,INTEGER,,,,CISORADEMO,SUPPORTING_DOCUMENTS,MOD_BY,ModBy,INTEGER,CAST(? AS INTEGER) AS,,
cisOraDemoDS,CISORADEMO,SUPPORTING_DOCUMENTS,MOD_DT,TIMESTAMP(6),ModifiedDate,TIMESTAMP,,,,CISORADEMO,SUPPORTING_DOCUMENTS,MOD_DT,ModifiedDate,TIMESTAMP,CAST(? AS TIMESTAMP) AS,,
Common_Model_v2,,Common_Model_v2,"""Common_Model_v2_file1.csv""",,Common_Model_1,,,,,,Common_Model_v2,"""Common_Model_v2_file1.csv""",Common_Model_1,,,,
Common_Model_v2,Common_Model_v2,"""Common_Model_v2_file1.csv""","""Data Source""",,Data_Source,VARCHAR(50),,,,Common_Model_v2,"""Common_Model_v2_file1.csv""","""Data Source""",Data_Source,VARCHAR(50),CAST(? AS VARCHAR(50)) AS,,
Common_Model_v2,Common_Model_v2,"""Common_Model_v2_file1.csv""","""Parent Name""",,Parent_Name,VARCHAR(50),,,,Common_Model_v2,"""Common_Model_v2_file1.csv""","""Parent Name""",Parent_Name,VARCHAR(50),CAST(? AS VARCHAR(50)) AS,,
Common_Model_v2,Common_Model_v2,"""Common_Model_v2_file1.csv""","""Container Name""",,Container_Name,VARCHAR(50),,,,Common_Model_v2,"""Common_Model_v2_file1.csv""","""Container Name""",Container_Name,VARCHAR(50),CAST(? AS VARCHAR(50)) AS,,
Common_Model_v2,Common_Model_v2,"""Common_Model_v2_file1.csv""","""Physical Name""",,Physical_Name,VARCHAR(50),,,,Common_Model_v2,"""Common_Model_v2_file1.csv""","""Physical Name""",Physical_Name,VARCHAR(50),CAST(? AS VARCHAR(50)) AS,,
Common_Model_v2,Common_Model_v2,"""Common_Model_v2_file1.csv""","""Physical Type""",,Physical_Type,VARCHAR(50),,,,Common_Model_v2,"""Common_Model_v2_file1.csv""","""Physical Type""",Physical_Type,VARCHAR(50),CAST(? AS VARCHAR(50)) AS,,
Common_Model_v2,Common_Model_v2,"""Common_Model_v2_file1.csv""","""Logical Name""",,Logical_Name,VARCHAR(50),,,,Common_Model_v2,"""Common_Model_v2_file1.csv""","""Logical Name""",Logical_Name,VARCHAR(50),CAST(? AS VARCHAR(50)) AS,,
Common_Model_v2,Common_Model_v2,"""Common_Model_v2_file1.csv""","""Logical Type""",,Logical_Type,VARCHAR(50),,,,Common_Model_v2,"""Common_Model_v2_file1.csv""","""Logical Type""",Logical_Type,VARCHAR(50),CAST(? AS VARCHAR(50)) AS,,
Common_Model_v2,Common_Model_v2,"""Common_Model_v2_file1.csv""","""Logical Transformation""",,Logical_Transformation,VARCHAR(1024),,,,Common_Model_v2,"""Common_Model_v2_file1.csv""","""Logical Transformation""",Logical_Transformation,VARCHAR(1024),CAST(? AS VARCHAR(1024)) AS,,
Common_Model_v2,Common_Model_v2,"""Common_Model_v2_file1.csv""","""Logical Definition""",,Logical_Definition,VARCHAR(1024),,,,Common_Model_v2,"""Common_Model_v2_file1.csv""","""Logical Definition""",Logical_Definition,VARCHAR(1024),CAST(? AS VARCHAR(1024)) AS,,
Common_Model_v2,Common_Model_v2,"""Common_Model_v2_file1.csv""","""System Messages""",,System_Messages,VARCHAR(255),,,,Common_Model_v2,"""Common_Model_v2_file1.csv""","""System Messages""",System_Messages,VARCHAR(255),CAST(? AS VARCHAR(255)) AS,,
Common_Model_v2,Common_Model_v2,"""Common_Model_v2_file1.csv""",parentName,,parentName,VARCHAR(50),,,,Common_Model_v2,"""Common_Model_v2_file1.csv""",parentName,parentName,VARCHAR(50),CAST(? AS VARCHAR(50)) AS,,
Common_Model_v2,Common_Model_v2,"""Common_Model_v2_file1.csv""",containerName,,containerName,VARCHAR(50),,,,Common_Model_v2,"""Common_Model_v2_file1.csv""",containerName,containerName,VARCHAR(50),CAST(? AS VARCHAR(50)) AS,,
Common_Model_v2,Common_Model_v2,"""Common_Model_v2_file1.csv""",resourceName,,resourceName,VARCHAR(50),,,,Common_Model_v2,"""Common_Model_v2_file1.csv""",resourceName,resourceName,VARCHAR(50),CAST(? AS VARCHAR(50)) AS,,
Common_Model_v2,Common_Model_v2,"""Common_Model_v2_file1.csv""",logicalName,,logicalName,VARCHAR(50),,,,Common_Model_v2,"""Common_Model_v2_file1.csv""",logicalName,logicalName,VARCHAR(50),CAST(? AS VARCHAR(50)) AS,,
Common_Model_v2,Common_Model_v2,"""Common_Model_v2_file1.csv""",logicalType,,logicalType,VARCHAR(50),,,,Common_Model_v2,"""Common_Model_v2_file1.csv""",logicalType,logicalType,VARCHAR(50),CAST(? AS VARCHAR(50)) AS,,
Common_Model_v2,Common_Model_v2,"""Common_Model_v2_file1.csv""",compositeTransformation,,compositeTransformation,VARCHAR(1024),,,,Common_Model_v2,"""Common_Model_v2_file1.csv""",compositeTransformation,compositeTransformation,VARCHAR(1024),CAST(? AS VARCHAR(1024)) AS,,
Common_Model_v2,Common_Model_v2,"""Common_Model_v2_file1.csv""",annotation,,annotation,VARCHAR(2048),,,,Common_Model_v2,"""Common_Model_v2_file1.csv""",annotation,annotation,VARCHAR(2048),CAST(? AS VARCHAR(2048)) AS,,
Common_Model_v2,,Common_Model_v2,"""Common_Model_v2_file2.csv""",,Common_Model_2,,,,,,Common_Model_v2,"""Common_Model_v2_file2.csv""",Common_Model_2,,,,
Common_Model_v2,Common_Model_v2,"""Common_Model_v2_file2.csv""","""Data Source""",,Data_Source,VARCHAR(50),,,,Common_Model_v2,"""Common_Model_v2_file2.csv""","""Data Source""",Data_Source,VARCHAR(50),CAST(? AS VARCHAR(50)) AS,,
Common_Model_v2,Common_Model_v2,"""Common_Model_v2_file2.csv""","""Parent Name""",,Parent_Name,VARCHAR(50),,,,Common_Model_v2,"""Common_Model_v2_file2.csv""","""Parent Name""",Parent_Name,VARCHAR(50),CAST(? AS VARCHAR(50)) AS,,
Common_Model_v2,Common_Model_v2,"""Common_Model_v2_file2.csv""","""Container Name""",,Container_Name,VARCHAR(50),,,,Common_Model_v2,"""Common_Model_v2_file2.csv""","""Container Name""",Container_Name,VARCHAR(50),CAST(? AS VARCHAR(50)) AS,,
Common_Model_v2,Common_Model_v2,"""Common_Model_v2_file2.csv""","""Physical Name""",,Physical_Name,VARCHAR(50),,,,Common_Model_v2,"""Common_Model_v2_file2.csv""","""Physical Name""",Physical_Name,VARCHAR(50),CAST(? AS VARCHAR(50)) AS,,
Common_Model_v2,Common_Model_v2,"""Common_Model_v2_file2.csv""","""Physical Type""",,Physical_Type,VARCHAR(50),,,,Common_Model_v2,"""Common_Model_v2_file2.csv""","""Physical Type""",Physical_Type,VARCHAR(50),CAST(? AS VARCHAR(50)) AS,,
Common_Model_v2,Common_Model_v2,"""Common_Model_v2_file2.csv""","""Logical Name""",,Logical_Name,VARCHAR(50),,,,Common_Model_v2,"""Common_Model_v2_file2.csv""","""Logical Name""",Logical_Name,VARCHAR(50),CAST(? AS VARCHAR(50)) AS,,
Common_Model_v2,Common_Model_v2,"""Common_Model_v2_file2.csv""","""Logical Type""",,Logical_Type,VARCHAR(50),,,,Common_Model_v2,"""Common_Model_v2_file2.csv""","""Logical Type""",Logical_Type,VARCHAR(50),CAST(? AS VARCHAR(50)) AS,,
Common_Model_v2,Common_Model_v2,"""Common_Model_v2_file2.csv""","""Logical Transformation""",,Logical_Transformation,VARCHAR(1024),,,,Common_Model_v2,"""Common_Model_v2_file2.csv""","""Logical Transformation""",Logical_Transformation,VARCHAR(1024),CAST(? AS VARCHAR(1024)) AS,,
Common_Model_v2,Common_Model_v2,"""Common_Model_v2_file2.csv""","""Logical Definition""",,Logical_Definition,VARCHAR(1024),,,,Common_Model_v2,"""Common_Model_v2_file2.csv""","""Logical Definition""",Logical_Definition,VARCHAR(1024),CAST(? AS VARCHAR(1024)) AS,,
Common_Model_v2,Common_Model_v2,"""Common_Model_v2_file2.csv""","""System Messages""",,System_Messages,VARCHAR(255),,,,Common_Model_v2,"""Common_Model_v2_file2.csv""","""System Messages""",System_Messages,VARCHAR(255),CAST(? AS VARCHAR(255)) AS,,
Common_Model_v2,Common_Model_v2,"""Common_Model_v2_file2.csv""",parentName,,parentName,VARCHAR(50),,,,Common_Model_v2,"""Common_Model_v2_file2.csv""",parentName,parentName,VARCHAR(50),CAST(? AS VARCHAR(50)) AS,,
Common_Model_v2,Common_Model_v2,"""Common_Model_v2_file2.csv""",containerName,,containerName,VARCHAR(50),,,,Common_Model_v2,"""Common_Model_v2_file2.csv""",containerName,containerName,VARCHAR(50),CAST(? AS VARCHAR(50)) AS,,
Common_Model_v2,Common_Model_v2,"""Common_Model_v2_file2.csv""",resourceName,,resourceName,VARCHAR(50),,,,Common_Model_v2,"""Common_Model_v2_file2.csv""",resourceName,resourceName,VARCHAR(50),CAST(? AS VARCHAR(50)) AS,,
Common_Model_v2,Common_Model_v2,"""Common_Model_v2_file2.csv""",logicalName,,logicalName,VARCHAR(50),,,,Common_Model_v2,"""Common_Model_v2_file2.csv""",logicalName,logicalName,VARCHAR(50),CAST(? AS VARCHAR(50)) AS,,
Common_Model_v2,Common_Model_v2,"""Common_Model_v2_file2.csv""",logicalType,,logicalType,VARCHAR(50),,,,Common_Model_v2,"""Common_Model_v2_file2.csv""",logicalType,logicalType,VARCHAR(50),CAST(? AS VARCHAR(50)) AS,,
Common_Model_v2,Common_Model_v2,"""Common_Model_v2_file2.csv""",compositeTransformation,,compositeTransformation,VARCHAR(1024),,,,Common_Model_v2,"""Common_Model_v2_file2.csv""",compositeTransformation,compositeTransformation,VARCHAR(1024),CAST(? AS VARCHAR(1024)) AS,,
Common_Model_v2,Common_Model_v2,"""Common_Model_v2_file2.csv""",annotation,,annotation,VARCHAR(2048),,,,Common_Model_v2,"""Common_Model_v2_file2.csv""",annotation,annotation,VARCHAR(2048),CAST(? AS VARCHAR(2048)) AS,,
Common_Model_v2,,Common_Model_v2,"""Common_Model_v2_file3.csv""",,Common_Model_3,,,,,,Common_Model_v2,"""Common_Model_v2_file3.csv""",Common_Model_3,,,,
Common_Model_v2,Common_Model_v2,"""Common_Model_v2_file3.csv""","""Data Source""",,Data_Source,VARCHAR(50),,,,Common_Model_v2,"""Common_Model_v2_file3.csv""","""Data Source""",Data_Source,VARCHAR(50),CAST(? AS VARCHAR(50)) AS,,
Common_Model_v2,Common_Model_v2,"""Common_Model_v2_file3.csv""","""Parent Name""",,Parent_Name,VARCHAR(50),,,,Common_Model_v2,"""Common_Model_v2_file3.csv""","""Parent Name""",Parent_Name,VARCHAR(50),CAST(? AS VARCHAR(50)) AS,,
Common_Model_v2,Common_Model_v2,"""Common_Model_v2_file3.csv""","""Container Name""",,Container_Name,VARCHAR(50),,,,Common_Model_v2,"""Common_Model_v2_file3.csv""","""Container Name""",Container_Name,VARCHAR(50),CAST(? AS VARCHAR(50)) AS,,
Common_Model_v2,Common_Model_v2,"""Common_Model_v2_file3.csv""","""Physical Name""",,Physical_Name,VARCHAR(50),,,,Common_Model_v2,"""Common_Model_v2_file3.csv""","""Physical Name""",Physical_Name,VARCHAR(50),CAST(? AS VARCHAR(50)) AS,,
Common_Model_v2,Common_Model_v2,"""Common_Model_v2_file3.csv""","""Physical Type""",,Physical_Type,VARCHAR(50),,,,Common_Model_v2,"""Common_Model_v2_file3.csv""","""Physical Type""",Physical_Type,VARCHAR(50),CAST(? AS VARCHAR(50)) AS,,
Common_Model_v2,Common_Model_v2,"""Common_Model_v2_file3.csv""","""Logical Name""",,Logical_Name,VARCHAR(50),,,,Common_Model_v2,"""Common_Model_v2_file3.csv""","""Logical Name""",Logical_Name,VARCHAR(50),CAST(? AS VARCHAR(50)) AS,,
Common_Model_v2,Common_Model_v2,"""Common_Model_v2_file3.csv""","""Logical Type""",,Logical_Type,VARCHAR(50),,,,Common_Model_v2,"""Common_Model_v2_file3.csv""","""Logical Type""",Logical_Type,VARCHAR(50),CAST(? AS VARCHAR(50)) AS,,
Common_Model_v2,Common_Model_v2,"""Common_Model_v2_file3.csv""","""Logical Transformation""",,Logical_Transformation,VARCHAR(1024),,,,Common_Model_v2,"""Common_Model_v2_file3.csv""","""Logical Transformation""",Logical_Transformation,VARCHAR(1024),CAST(? AS VARCHAR(1024)) AS,,
Common_Model_v2,Common_Model_v2,"""Common_Model_v2_file3.csv""","""Logical Definition""",,Logical_Definition,VARCHAR(1024),,,,Common_Model_v2,"""Common_Model_v2_file3.csv""","""Logical Definition""",Logical_Definition,VARCHAR(1024),CAST(? AS VARCHAR(1024)) AS,,
Common_Model_v2,Common_Model_v2,"""Common_Model_v2_file3.csv""","""System Messages""",,System_Messages,VARCHAR(255),,,,Common_Model_v2,"""Common_Model_v2_file3.csv""","""System Messages""",System_Messages,VARCHAR(255),CAST(? AS VARCHAR(255)) AS,,
Common_Model_v2,Common_Model_v2,"""Common_Model_v2_file3.csv""",parentName,,parentName,VARCHAR(50),,,,Common_Model_v2,"""Common_Model_v2_file3.csv""",parentName,parentName,VARCHAR(50),CAST(? AS VARCHAR(50)) AS,,
Common_Model_v2,Common_Model_v2,"""Common_Model_v2_file3.csv""",containerName,,containerName,VARCHAR(50),,,,Common_Model_v2,"""Common_Model_v2_file3.csv""",containerName,containerName,VARCHAR(50),CAST(? AS VARCHAR(50)) AS,,
Common_Model_v2,Common_Model_v2,"""Common_Model_v2_file3.csv""",resourceName,,resourceName,VARCHAR(50),,,,Common_Model_v2,"""Common_Model_v2_file3.csv""",resourceName,resourceName,VARCHAR(50),CAST(? AS VARCHAR(50)) AS,,
Common_Model_v2,Common_Model_v2,"""Common_Model_v2_file3.csv""",logicalName,,logicalName,VARCHAR(50),,,,Common_Model_v2,"""Common_Model_v2_file3.csv""",logicalName,logicalName,VARCHAR(50),CAST(? AS VARCHAR(50)) AS,,
Common_Model_v2,Common_Model_v2,"""Common_Model_v2_file3.csv""",logicalType,,logicalType,VARCHAR(50),,,,Common_Model_v2,"""Common_Model_v2_file3.csv""",logicalType,logicalType,VARCHAR(50),CAST(? AS VARCHAR(50)) AS,,
Common_Model_v2,Common_Model_v2,"""Common_Model_v2_file3.csv""",compositeTransformation,,compositeTransformation,VARCHAR(1024),,,,Common_Model_v2,"""Common_Model_v2_file3.csv""",compositeTransformation,compositeTransformation,VARCHAR(1024),CAST(? AS VARCHAR(1024)) AS,,
Common_Model_v2,Common_Model_v2,"""Common_Model_v2_file3.csv""",annotation,,annotation,VARCHAR(2048),,,,Common_Model_v2,"""Common_Model_v2_file3.csv""",annotation,annotation,VARCHAR(2048),CAST(? AS VARCHAR(2048)) AS,,
,,Seq,getOracleSeq,,getOracleSeq,,,,,,Seq,getOracleSeq,getOracleSeq,,,,
,Seq,getOracleSeq,oraSequenceID,,oraSequenceID,INTEGER,,,,Seq,getOracleSeq,oraSequenceID,oraSequenceID,INTEGER,CAST(? AS INTEGER) AS,,
ds_XML,,ds_XML,productCatalog_Transformation,,productCatalog_Transformation,,,Product Catalog Transformation,WARN: Logical Name exceeds 28 char,,ds_XML,productCatalog_Transformation,productCatalog_Transformation,,,Product Catalog Transformation,
ds_XML,ds_XML,productCatalog_Transformation,ProductID,,,"NUMERIC(2147483647,0)",,,,ds_XML,productCatalog_Transformation,ProductID,,"NUMERIC(2147483647,0)","CAST(? AS NUMERIC(2147483647,0)) AS",,
ds_XML,ds_XML,productCatalog_Transformation,ProductName,,,VARCHAR(32768),,,,ds_XML,productCatalog_Transformation,ProductName,,VARCHAR(32768),CAST(? AS VARCHAR(32768)) AS,,
ds_XML,ds_XML,productCatalog_Transformation,CategoryID,,,"NUMERIC(2147483647,0)",,,,ds_XML,productCatalog_Transformation,CategoryID,,"NUMERIC(2147483647,0)","CAST(? AS NUMERIC(2147483647,0)) AS",,
ds_XML,ds_XML,productCatalog_Transformation,CategoryName,,,VARCHAR(32768),,,,ds_XML,productCatalog_Transformation,CategoryName,,VARCHAR(32768),CAST(? AS VARCHAR(32768)) AS,,
ds_XML,ds_XML,productCatalog_Transformation,ProductDescription,,,VARCHAR(32768),,,,ds_XML,productCatalog_Transformation,ProductDescription,,VARCHAR(32768),CAST(? AS VARCHAR(32768)) AS,,
ds_XML,ds_XML,productCatalog_Transformation,SerialNumber,,,VARCHAR(32768),,,,ds_XML,productCatalog_Transformation,SerialNumber,,VARCHAR(32768),CAST(? AS VARCHAR(32768)) AS,,
ds_XML,ds_XML,productCatalog_Transformation,UnitPrice,,,"DECIMAL(32,6)",,,,ds_XML,productCatalog_Transformation,UnitPrice,,"DECIMAL(32,6)","CAST(? AS DECIMAL(32,6)) AS",,
ds_XML,ds_XML,productCatalog_Transformation,ReorderLevel,,,"NUMERIC(2147483647,0)",,,,ds_XML,productCatalog_Transformation,ReorderLevel,,"NUMERIC(2147483647,0)","CAST(? AS NUMERIC(2147483647,0)) AS",,
ds_XML,ds_XML,productCatalog_Transformation,LeadTime,,,VARCHAR(32768),,,,ds_XML,productCatalog_Transformation,LeadTime,,VARCHAR(32768),CAST(? AS VARCHAR(32768)) AS,,
ds_XML,,ds_XML,productCatalog_Transformation,,productCatalog_Transformation,,,Product Catalog Transformation,WARN: Logical Name exceeds 28 char,,ds_XML,productCatalog_Transformation,productCatalog_Transformation,,,Product Catalog Transformation,
ds_XML,ds_XML,productCatalog_Transformation,ProductID,,ProductID,"DECIMAL(32,0)",,,,ds_XML,productCatalog_Transformation,ProductID,ProductID,"DECIMAL(32,0)","CAST(? AS DECIMAL(32,0)) AS",,
ds_XML,ds_XML,productCatalog_Transformation,ProductName,,ProductName,VARCHAR(32768),,,,ds_XML,productCatalog_Transformation,ProductName,ProductName,VARCHAR(32768),CAST(? AS VARCHAR(32768)) AS,,
ds_XML,ds_XML,productCatalog_Transformation,CategoryID,,CategoryID,"DECIMAL(32,0)",,,,ds_XML,productCatalog_Transformation,CategoryID,CategoryID,"DECIMAL(32,0)","CAST(? AS DECIMAL(32,0)) AS",,
ds_XML,ds_XML,productCatalog_Transformation,CategoryName,,CategoryName,VARCHAR(32768),,,,ds_XML,productCatalog_Transformation,CategoryName,CategoryName,VARCHAR(32768),CAST(? AS VARCHAR(32768)) AS,,
ds_XML,ds_XML,productCatalog_Transformation,ProductDescription,,ProductDescription,VARCHAR(32768),,,,ds_XML,productCatalog_Transformation,ProductDescription,ProductDescription,VARCHAR(32768),CAST(? AS VARCHAR(32768)) AS,,
ds_XML,ds_XML,productCatalog_Transformation,SerialNumber,,SerialNumber,VARCHAR(32768),,,,ds_XML,productCatalog_Transformation,SerialNumber,SerialNumber,VARCHAR(32768),CAST(? AS VARCHAR(32768)) AS,,
ds_XML,ds_XML,productCatalog_Transformation,UnitPrice,,UnitPrice,"DECIMAL(32,6)",,,,ds_XML,productCatalog_Transformation,UnitPrice,UnitPrice,"DECIMAL(32,6)","CAST(? AS DECIMAL(32,6)) AS",,
ds_XML,ds_XML,productCatalog_Transformation,ReorderLevel,,ReorderLevel,"DECIMAL(32,0)",,,,ds_XML,productCatalog_Transformation,ReorderLevel,ReorderLevel,"DECIMAL(32,0)","CAST(? AS DECIMAL(32,0)) AS",,
ds_XML,ds_XML,productCatalog_Transformation,LeadTime,,LeadTime,VARCHAR(32768),,,,ds_XML,productCatalog_Transformation,LeadTime,LeadTime,VARCHAR(32768),CAST(? AS VARCHAR(32768)) AS,,
ds_inventory_local,,ds_inventory_local,inventorytransactions,,inventorytransactions,,,,,,ds_inventory_local,inventorytransactions,inventorytransactions,,,,
ds_inventory_local,ds_inventory_local,inventorytransactions,TransactionID,int(11),TransactionID,INTEGER,,,,ds_inventory_local,inventorytransactions,TransactionID,TransactionID,INTEGER,CAST(? AS INTEGER) AS,,
ds_inventory_local,ds_inventory_local,inventorytransactions,TransactionDate,date,TransactionDate,DATE,,,,ds_inventory_local,inventorytransactions,TransactionDate,TransactionDate,DATE,CAST(? AS DATE) AS,,
ds_inventory_local,ds_inventory_local,inventorytransactions,ProductID,int(11),ProductID,INTEGER,,,,ds_inventory_local,inventorytransactions,ProductID,ProductID,INTEGER,CAST(? AS INTEGER) AS,,
ds_inventory_local,ds_inventory_local,inventorytransactions,PurchaseOrderID,int(11),PurchaseOrderID,INTEGER,,,,ds_inventory_local,inventorytransactions,PurchaseOrderID,PurchaseOrderID,INTEGER,CAST(? AS INTEGER) AS,,
ds_inventory_local,ds_inventory_local,inventorytransactions,TransactionDescription,varchar(255),TransactionDescription,VARCHAR(255),,,,ds_inventory_local,inventorytransactions,TransactionDescription,TransactionDescription,VARCHAR(255),CAST(? AS VARCHAR(255)) AS,,
ds_inventory_local,ds_inventory_local,inventorytransactions,UnitPrice,"decimal(19,0)",UnitPrice,"DECIMAL(19,0)",,,,ds_inventory_local,inventorytransactions,UnitPrice,UnitPrice,"DECIMAL(19,0)","CAST(? AS DECIMAL(19,0)) AS",,
ds_inventory_local,ds_inventory_local,inventorytransactions,UnitsOrdered,int(11),UnitsOrdered,INTEGER,,,,ds_inventory_local,inventorytransactions,UnitsOrdered,UnitsOrdered,INTEGER,CAST(? AS INTEGER) AS,,
ds_inventory_local,ds_inventory_local,inventorytransactions,UnitsReceived,int(11),UnitsReceived,INTEGER,,,,ds_inventory_local,inventorytransactions,UnitsReceived,UnitsReceived,INTEGER,CAST(? AS INTEGER) AS,,
ds_inventory_local,ds_inventory_local,inventorytransactions,UnitsSold,int(11),UnitsSold,INTEGER,,,,ds_inventory_local,inventorytransactions,UnitsSold,UnitsSold,INTEGER,CAST(? AS INTEGER) AS,,
ds_inventory_local,ds_inventory_local,inventorytransactions,UnitsShrinkage,int(11),UnitsShrinkage,INTEGER,,,,ds_inventory_local,inventorytransactions,UnitsShrinkage,UnitsShrinkage,INTEGER,CAST(? AS INTEGER) AS,,
ds_inventory_local,,ds_inventory_local,products,,products,,,,,,ds_inventory_local,products,products,,,,
ds_inventory_local,ds_inventory_local,products,ProductID,int(11),ProductID,INTEGER,,,,ds_inventory_local,products,ProductID,ProductID,INTEGER,CAST(? AS INTEGER) AS,,
ds_inventory_local,ds_inventory_local,products,ProductName,varchar(50),ProductName,VARCHAR(50),,,,ds_inventory_local,products,ProductName,ProductName,VARCHAR(50),CAST(? AS VARCHAR(50)) AS,,
ds_inventory_local,ds_inventory_local,products,ProductDescription,varchar(255),ProductDescription,VARCHAR(255),,,,ds_inventory_local,products,ProductDescription,ProductDescription,VARCHAR(255),CAST(? AS VARCHAR(255)) AS,,
ds_inventory_local,ds_inventory_local,products,CategoryID,int(11),CategoryID,INTEGER,,,,ds_inventory_local,products,CategoryID,CategoryID,INTEGER,CAST(? AS INTEGER) AS,,
ds_inventory_local,ds_inventory_local,products,SerialNumber,varchar(50),SerialNumber,VARCHAR(50),,,,ds_inventory_local,products,SerialNumber,SerialNumber,VARCHAR(50),CAST(? AS VARCHAR(50)) AS,,
ds_inventory_local,ds_inventory_local,products,UnitPrice,"decimal(12,2)",UnitPrice,"DECIMAL(12,2)",,,,ds_inventory_local,products,UnitPrice,UnitPrice,"DECIMAL(12,2)","CAST(? AS DECIMAL(12,2)) AS",,
ds_inventory_local,ds_inventory_local,products,ReorderLevel,int(11),ReorderLevel,INTEGER,,,,ds_inventory_local,products,ReorderLevel,ReorderLevel,INTEGER,CAST(? AS INTEGER) AS,,
ds_inventory_local,ds_inventory_local,products,LeadTime,varchar(30),LeadTime,VARCHAR(30),,,,ds_inventory_local,products,LeadTime,LeadTime,VARCHAR(30),CAST(? AS VARCHAR(30)) AS,,
ds_inventory_local,,ds_inventory_local,purchaseorders,,purchaseorders,,,,,,ds_inventory_local,purchaseorders,purchaseorders,,,,
ds_inventory_local,ds_inventory_local,purchaseorders,PurchaseOrderID,int(11),PurchaseOrderID,INTEGER,,,,ds_inventory_local,purchaseorders,PurchaseOrderID,PurchaseOrderID,INTEGER,CAST(? AS INTEGER) AS,,
ds_inventory_local,ds_inventory_local,purchaseorders,PONumber,varchar(30),PONumber,VARCHAR(30),,,,ds_inventory_local,purchaseorders,PONumber,PONumber,VARCHAR(30),CAST(? AS VARCHAR(30)) AS,,
ds_inventory_local,ds_inventory_local,purchaseorders,PurchaseOrderDescription,varchar(255),PurchaseOrderDescription,VARCHAR(255),,,,ds_inventory_local,purchaseorders,PurchaseOrderDescription,PurchaseOrderDescription,VARCHAR(255),CAST(? AS VARCHAR(255)) AS,,
ds_inventory_local,ds_inventory_local,purchaseorders,SupplierID,int(11),SupplierID,INTEGER,,,,ds_inventory_local,purchaseorders,SupplierID,SupplierID,INTEGER,CAST(? AS INTEGER) AS,,
ds_inventory_local,ds_inventory_local,purchaseorders,EmployeeID,int(11),EmployeeID,INTEGER,,,,ds_inventory_local,purchaseorders,EmployeeID,EmployeeID,INTEGER,CAST(? AS INTEGER) AS,,
ds_inventory_local,ds_inventory_local,purchaseorders,OrderDate,date,OrderDate,DATE,,,,ds_inventory_local,purchaseorders,OrderDate,OrderDate,DATE,CAST(? AS DATE) AS,,
ds_inventory_local,ds_inventory_local,purchaseorders,DateRequired,date,DateRequired,DATE,,,,ds_inventory_local,purchaseorders,DateRequired,DateRequired,DATE,CAST(? AS DATE) AS,,
ds_inventory_local,ds_inventory_local,purchaseorders,DatePromised,date,DatePromised,DATE,,,,ds_inventory_local,purchaseorders,DatePromised,DatePromised,DATE,CAST(? AS DATE) AS,,
ds_inventory_local,ds_inventory_local,purchaseorders,ShipDate,date,ShipDate,DATE,,,,ds_inventory_local,purchaseorders,ShipDate,ShipDate,DATE,CAST(? AS DATE) AS,,
ds_inventory_local,ds_inventory_local,purchaseorders,ShippingMethodID,int(11),ShippingMethodID,INTEGER,,,,ds_inventory_local,purchaseorders,ShippingMethodID,ShippingMethodID,INTEGER,CAST(? AS INTEGER) AS,,
ds_inventory_local,ds_inventory_local,purchaseorders,FreightCharge,"decimal(12,2)",FreightCharge,"DECIMAL(12,2)",,,,ds_inventory_local,purchaseorders,FreightCharge,FreightCharge,"DECIMAL(12,2)","CAST(? AS DECIMAL(12,2)) AS",,
ds_inventory_local,,ds_inventory_local,suppliers,,suppliers,,,,,,ds_inventory_local,suppliers,suppliers,,,,
ds_inventory_local,ds_inventory_local,suppliers,SupplierID,int(11),SupplierID,INTEGER,,,,ds_inventory_local,suppliers,SupplierID,SupplierID,INTEGER,CAST(? AS INTEGER) AS,,
ds_inventory_local,ds_inventory_local,suppliers,SupplierName,varchar(50),SupplierName,VARCHAR(50),,,,ds_inventory_local,suppliers,SupplierName,SupplierName,VARCHAR(50),CAST(? AS VARCHAR(50)) AS,,
ds_inventory_local,ds_inventory_local,suppliers,ContactName,varchar(50),ContactName,VARCHAR(50),,,,ds_inventory_local,suppliers,ContactName,ContactName,VARCHAR(50),CAST(? AS VARCHAR(50)) AS,,
ds_inventory_local,ds_inventory_local,suppliers,ContactTitle,varchar(50),ContactTitle,VARCHAR(50),,,,ds_inventory_local,suppliers,ContactTitle,ContactTitle,VARCHAR(50),CAST(? AS VARCHAR(50)) AS,,
ds_inventory_local,ds_inventory_local,suppliers,Address,varchar(255),Address,VARCHAR(255),,,,ds_inventory_local,suppliers,Address,Address,VARCHAR(255),CAST(? AS VARCHAR(255)) AS,,
ds_inventory_local,ds_inventory_local,suppliers,City,varchar(50),City,VARCHAR(50),,,,ds_inventory_local,suppliers,City,City,VARCHAR(50),CAST(? AS VARCHAR(50)) AS,,
ds_inventory_local,ds_inventory_local,suppliers,PostalCode,varchar(20),PostalCode,VARCHAR(20),,,,ds_inventory_local,suppliers,PostalCode,PostalCode,VARCHAR(20),CAST(? AS VARCHAR(20)) AS,,
ds_inventory_local,ds_inventory_local,suppliers,StateOrProvince,varchar(20),StateOrProvince,VARCHAR(20),,,,ds_inventory_local,suppliers,StateOrProvince,StateOrProvince,VARCHAR(20),CAST(? AS VARCHAR(20)) AS,,
ds_inventory_local,ds_inventory_local,suppliers,CountryRegion,varchar(50),CountryRegion,VARCHAR(50),,,,ds_inventory_local,suppliers,CountryRegion,CountryRegion,VARCHAR(50),CAST(? AS VARCHAR(50)) AS,,
ds_inventory_local,ds_inventory_local,suppliers,PhoneNumber,varchar(30),PhoneNumber,VARCHAR(30),,,,ds_inventory_local,suppliers,PhoneNumber,PhoneNumber,VARCHAR(30),CAST(? AS VARCHAR(30)) AS,,
ds_inventory_local,ds_inventory_local,suppliers,FaxNumber,varchar(30),FaxNumber,VARCHAR(30),,,,ds_inventory_local,suppliers,FaxNumber,FaxNumber,VARCHAR(30),CAST(? AS VARCHAR(30)) AS,,
ds_orders2,,ds_orders2,orderdetails,,Order_Details,,,,,,ds_orders2,orderdetails,Order_Details,,,,
ds_orders2,ds_orders2,orderdetails,OrderDetailID,int(11),Order_Detail_Id,INTEGER,,,,ds_orders2,orderdetails,OrderDetailID,Order_Detail_Id,INTEGER,CAST(? AS INTEGER) AS,,
ds_orders2,ds_orders2,orderdetails,OrderID,int(11),Order_Id,INTEGER,,,,ds_orders2,orderdetails,OrderID,Order_Id,INTEGER,CAST(? AS INTEGER) AS,,
ds_orders2,ds_orders2,orderdetails,ProductID,int(11),Product_Id,INTEGER,,,,ds_orders2,orderdetails,ProductID,Product_Id,INTEGER,CAST(? AS INTEGER) AS,,
ds_orders2,ds_orders2,orderdetails,Quantity,int(11),Quantity,INTEGER,,,,ds_orders2,orderdetails,Quantity,Quantity,INTEGER,CAST(? AS INTEGER) AS,,
ds_orders2,ds_orders2,orderdetails,UnitPrice,"decimal(12,2)",Unit_Price,"DECIMAL(12,2)",,,,ds_orders2,orderdetails,UnitPrice,Unit_Price,"DECIMAL(12,2)","CAST(? AS DECIMAL(12,2)) AS",,
ds_orders2,ds_orders2,orderdetails,Status,varchar(50),Status,VARCHAR(50),,,,ds_orders2,orderdetails,Status,Status,VARCHAR(50),CAST(? AS VARCHAR(50)) AS,,
ds_orders2,ds_orders2,orderdetails,Discount,"decimal(12,2)",Discount,DOUBLE,,,,ds_orders2,orderdetails,Discount,Discount,DOUBLE,CAST(? AS DOUBLE) AS,,
ds_orders2,,ds_orders2,orders,,Orders,,,,,,ds_orders2,orders,Orders,,,,
ds_orders2,ds_orders2,orders,OrderID,int(11),Order_Id,INTEGER,,,,ds_orders2,orders,OrderID,Order_Id,INTEGER,CAST(? AS INTEGER) AS,,
ds_orders2,ds_orders2,orders,CustomerID,int(11),Customer_Id,INTEGER,,,,ds_orders2,orders,CustomerID,Customer_Id,INTEGER,CAST(? AS INTEGER) AS,,
ds_orders2,ds_orders2,orders,EmployeeID,int(11),Employee_Id,INTEGER,,,,ds_orders2,orders,EmployeeID,Employee_Id,INTEGER,CAST(? AS INTEGER) AS,,
ds_orders2,ds_orders2,orders,OrderDate,date,Order_Date,DATE,,,,ds_orders2,orders,OrderDate,Order_Date,DATE,CAST(? AS DATE) AS,,
ds_orders2,ds_orders2,orders,PurchaseOrderNumber,varchar(30),Purchase_Order_Number,VARCHAR(30),,,,ds_orders2,orders,PurchaseOrderNumber,Purchase_Order_Number,VARCHAR(30),CAST(? AS VARCHAR(30)) AS,,
ds_orders2,ds_orders2,orders,ShipName,varchar(50),Ship_Name,VARCHAR(50),,,,ds_orders2,orders,ShipName,Ship_Name,VARCHAR(50),CAST(? AS VARCHAR(50)) AS,,
ds_orders2,ds_orders2,orders,ShipAddress,varchar(255),Ship_Address,VARCHAR(255),,,,ds_orders2,orders,ShipAddress,Ship_Address,VARCHAR(255),CAST(? AS VARCHAR(255)) AS,,
ds_orders2,ds_orders2,orders,ShipCity,varchar(50),Ship_City,VARCHAR(50),,,,ds_orders2,orders,ShipCity,Ship_City,VARCHAR(50),CAST(? AS VARCHAR(50)) AS,,
ds_orders2,ds_orders2,orders,ShipStateOrProvince,varchar(50),Ship_State,VARCHAR(50),,,,ds_orders2,orders,ShipStateOrProvince,Ship_State,VARCHAR(50),CAST(? AS VARCHAR(50)) AS,,
ds_orders2,ds_orders2,orders,ShipPostalCode,varchar(20),Ship_Zip,VARCHAR(20),,,,ds_orders2,orders,ShipPostalCode,Ship_Zip,VARCHAR(20),CAST(? AS VARCHAR(20)) AS,,
ds_orders2,ds_orders2,orders,ShipCountry,varchar(50),Ship_Country,VARCHAR(50),,,,ds_orders2,orders,ShipCountry,Ship_Country,VARCHAR(50),CAST(? AS VARCHAR(50)) AS,,
ds_orders2,ds_orders2,orders,ShipPhoneNumber,varchar(30),Ship_Phone_Number,VARCHAR(30),,,,ds_orders2,orders,ShipPhoneNumber,Ship_Phone_Number,VARCHAR(30),CAST(? AS VARCHAR(30)) AS,,
ds_orders2,ds_orders2,orders,ShipDate,date,Ship_Date,DATE,,,,ds_orders2,orders,ShipDate,Ship_Date,DATE,CAST(? AS DATE) AS,,
ds_orders2,ds_orders2,orders,ShippingMethodID,int(11),Shipping_Method_Id,INTEGER,,,,ds_orders2,orders,ShippingMethodID,Shipping_Method_Id,INTEGER,CAST(? AS INTEGER) AS,,
ds_orders2,ds_orders2,orders,FreightCharge,"decimal(12,2)",Freight_Charge,"DECIMAL(12,2)",,,,ds_orders2,orders,FreightCharge,Freight_Charge,"DECIMAL(12,2)","CAST(? AS DECIMAL(12,2)) AS",,
ds_orders2,ds_orders2,orders,,,Data_Source,VARCHAR(20),'ORDERS2',,,ds_orders2,orders,,Data_Source,VARCHAR(20),CAST('ORDERS2' AS VARCHAR(20)) AS,,
ds_orders2,,ds_orders2,shippingmethods,,Shipping_Methods,,,,,,ds_orders2,shippingmethods,Shipping_Methods,,,,
ds_orders2,ds_orders2,shippingmethods,ShippingMethodID,int(11),Shipping_Method_Id,INTEGER,,,,ds_orders2,shippingmethods,ShippingMethodID,Shipping_Method_Id,INTEGER,CAST(? AS INTEGER) AS,,
ds_orders2,ds_orders2,shippingmethods,ShippingMethod,varchar(20),Shipping_Method,VARCHAR(20),,,,ds_orders2,shippingmethods,ShippingMethod,Shipping_Method,VARCHAR(20),CAST(? AS VARCHAR(20)) AS,,
ds_orders_local,,ds_orders_local,customers,,customers,,,,,,ds_orders_local,customers,customers,,,,
ds_orders_local,ds_orders_local,customers,CustomerID,int(11),CustomerID,INTEGER,,,,ds_orders_local,customers,CustomerID,CustomerID,INTEGER,CAST(? AS INTEGER) AS,,
ds_orders_local,ds_orders_local,customers,CompanyName,varchar(50),CompanyName,VARCHAR(50),,,,ds_orders_local,customers,CompanyName,CompanyName,VARCHAR(50),CAST(? AS VARCHAR(50)) AS,,
ds_orders_local,ds_orders_local,customers,ContactFirstName,varchar(30),ContactFirstName,VARCHAR(30),,,,ds_orders_local,customers,ContactFirstName,ContactFirstName,VARCHAR(30),CAST(? AS VARCHAR(30)) AS,,
ds_orders_local,ds_orders_local,customers,ContactLastName,varchar(50),ContactLastName,VARCHAR(50),,,,ds_orders_local,customers,ContactLastName,ContactLastName,VARCHAR(50),CAST(? AS VARCHAR(50)) AS,,
ds_orders_local,ds_orders_local,customers,BillingAddress,varchar(255),BillingAddress,VARCHAR(255),,,,ds_orders_local,customers,BillingAddress,BillingAddress,VARCHAR(255),CAST(? AS VARCHAR(255)) AS,,
ds_orders_local,ds_orders_local,customers,City,varchar(50),City,VARCHAR(50),,,,ds_orders_local,customers,City,City,VARCHAR(50),CAST(? AS VARCHAR(50)) AS,,
ds_orders_local,ds_orders_local,customers,StateOrProvince,varchar(20),StateOrProvince,VARCHAR(20),,,,ds_orders_local,customers,StateOrProvince,StateOrProvince,VARCHAR(20),CAST(? AS VARCHAR(20)) AS,,
ds_orders_local,ds_orders_local,customers,PostalCode,varchar(20),PostalCode,VARCHAR(20),,,,ds_orders_local,customers,PostalCode,PostalCode,VARCHAR(20),CAST(? AS VARCHAR(20)) AS,,
ds_orders_local,ds_orders_local,customers,CountryRegion,varchar(50),CountryRegion,VARCHAR(50),,,,ds_orders_local,customers,CountryRegion,CountryRegion,VARCHAR(50),CAST(? AS VARCHAR(50)) AS,,
ds_orders_local,ds_orders_local,customers,ContactTitle,varchar(50),ContactTitle,VARCHAR(50),,,,ds_orders_local,customers,ContactTitle,ContactTitle,VARCHAR(50),CAST(? AS VARCHAR(50)) AS,,
ds_orders_local,ds_orders_local,customers,PhoneNumber,varchar(30),PhoneNumber,VARCHAR(30),,,,ds_orders_local,customers,PhoneNumber,PhoneNumber,VARCHAR(30),CAST(? AS VARCHAR(30)) AS,,
ds_orders_local,ds_orders_local,customers,FaxNumber,varchar(30),FaxNumber,VARCHAR(30),,,,ds_orders_local,customers,FaxNumber,FaxNumber,VARCHAR(30),CAST(? AS VARCHAR(30)) AS,,
ds_orders_local,,ds_orders_local,orderdetails,,orderdetails,,,,,,ds_orders_local,orderdetails,orderdetails,,,,
ds_orders_local,ds_orders_local,orderdetails,OrderDetailID,int(11),OrderDetailID,INTEGER,,,,ds_orders_local,orderdetails,OrderDetailID,OrderDetailID,INTEGER,CAST(? AS INTEGER) AS,,
ds_orders_local,ds_orders_local,orderdetails,OrderID,int(11),OrderID,INTEGER,,,,ds_orders_local,orderdetails,OrderID,OrderID,INTEGER,CAST(? AS INTEGER) AS,,
ds_orders_local,ds_orders_local,orderdetails,ProductID,int(11),ProductID,INTEGER,,,,ds_orders_local,orderdetails,ProductID,ProductID,INTEGER,CAST(? AS INTEGER) AS,,
ds_orders_local,ds_orders_local,orderdetails,Quantity,int(11),Quantity,INTEGER,,,,ds_orders_local,orderdetails,Quantity,Quantity,INTEGER,CAST(? AS INTEGER) AS,,
ds_orders_local,ds_orders_local,orderdetails,UnitPrice,"decimal(12,2)",UnitPrice,"DECIMAL(12,2)",,,,ds_orders_local,orderdetails,UnitPrice,UnitPrice,"DECIMAL(12,2)","CAST(? AS DECIMAL(12,2)) AS",,
ds_orders_local,ds_orders_local,orderdetails,Status,varchar(50),Status,VARCHAR(50),,,,ds_orders_local,orderdetails,Status,Status,VARCHAR(50),CAST(? AS VARCHAR(50)) AS,,
ds_orders_local,ds_orders_local,orderdetails,Discount,"decimal(12,2)",Discount,DOUBLE,,,,ds_orders_local,orderdetails,Discount,Discount,DOUBLE,CAST(? AS DOUBLE) AS,,
ds_orders_local,,ds_orders_local,orders,,orders,,,,,,ds_orders_local,orders,orders,,,,
ds_orders_local,ds_orders_local,orders,OrderID,int(11),OrderID,INTEGER,,,,ds_orders_local,orders,OrderID,OrderID,INTEGER,CAST(? AS INTEGER) AS,,
ds_orders_local,ds_orders_local,orders,CustomerID,int(11),CustomerID,INTEGER,,,,ds_orders_local,orders,CustomerID,CustomerID,INTEGER,CAST(? AS INTEGER) AS,,
ds_orders_local,ds_orders_local,orders,EmployeeID,int(11),EmployeeID,INTEGER,,,,ds_orders_local,orders,EmployeeID,EmployeeID,INTEGER,CAST(? AS INTEGER) AS,,
ds_orders_local,ds_orders_local,orders,OrderDate,date,OrderDate,DATE,,,,ds_orders_local,orders,OrderDate,OrderDate,DATE,CAST(? AS DATE) AS,,
ds_orders_local,ds_orders_local,orders,PurchaseOrderNumber,varchar(30),PurchaseOrderNumber,VARCHAR(30),,,,ds_orders_local,orders,PurchaseOrderNumber,PurchaseOrderNumber,VARCHAR(30),CAST(? AS VARCHAR(30)) AS,,
ds_orders_local,ds_orders_local,orders,ShipName,varchar(50),ShipName,VARCHAR(50),,,,ds_orders_local,orders,ShipName,ShipName,VARCHAR(50),CAST(? AS VARCHAR(50)) AS,,
ds_orders_local,ds_orders_local,orders,ShipAddress,varchar(255),ShipAddress,VARCHAR(255),,,,ds_orders_local,orders,ShipAddress,ShipAddress,VARCHAR(255),CAST(? AS VARCHAR(255)) AS,,
ds_orders_local,ds_orders_local,orders,ShipCity,varchar(50),ShipCity,VARCHAR(50),,,,ds_orders_local,orders,ShipCity,ShipCity,VARCHAR(50),CAST(? AS VARCHAR(50)) AS,,
ds_orders_local,ds_orders_local,orders,ShipStateOrProvince,varchar(50),ShipStateOrProvince,VARCHAR(50),,,,ds_orders_local,orders,ShipStateOrProvince,ShipStateOrProvince,VARCHAR(50),CAST(? AS VARCHAR(50)) AS,,
ds_orders_local,ds_orders_local,orders,ShipPostalCode,varchar(20),ShipPostalCode,VARCHAR(20),,,,ds_orders_local,orders,ShipPostalCode,ShipPostalCode,VARCHAR(20),CAST(? AS VARCHAR(20)) AS,,
ds_orders_local,ds_orders_local,orders,ShipCountry,varchar(50),ShipCountry,VARCHAR(50),,,,ds_orders_local,orders,ShipCountry,ShipCountry,VARCHAR(50),CAST(? AS VARCHAR(50)) AS,,
ds_orders_local,ds_orders_local,orders,ShipPhoneNumber,varchar(30),ShipPhoneNumber,VARCHAR(30),,,,ds_orders_local,orders,ShipPhoneNumber,ShipPhoneNumber,VARCHAR(30),CAST(? AS VARCHAR(30)) AS,,
ds_orders_local,ds_orders_local,orders,ShipDate,date,ShipDate,DATE,,,,ds_orders_local,orders,ShipDate,ShipDate,DATE,CAST(? AS DATE) AS,,
ds_orders_local,ds_orders_local,orders,ShippingMethodID,int(11),ShippingMethodID,INTEGER,,,,ds_orders_local,orders,ShippingMethodID,ShippingMethodID,INTEGER,CAST(? AS INTEGER) AS,,
ds_orders_local,ds_orders_local,orders,FreightCharge,"decimal(12,2)",FreightCharge,"DECIMAL(12,2)",,,,ds_orders_local,orders,FreightCharge,FreightCharge,"DECIMAL(12,2)","CAST(? AS DECIMAL(12,2)) AS",,
ds_orders_local,,ds_orders_local,shippingmethods,,shippingmethods,,,,,,ds_orders_local,shippingmethods,shippingmethods,,,,
ds_orders_local,ds_orders_local,shippingmethods,ShippingMethodID,int(11),ShippingMethodID,INTEGER,,,,ds_orders_local,shippingmethods,ShippingMethodID,ShippingMethodID,INTEGER,CAST(? AS INTEGER) AS,,
ds_orders_local,ds_orders_local,shippingmethods,ShippingMethod,varchar(20),ShippingMethod,VARCHAR(20),,,,ds_orders_local,shippingmethods,ShippingMethod,ShippingMethod,VARCHAR(20),CAST(? AS VARCHAR(20)) AS,,
testfile,,testfile,testfile.txt,,TestFile,,,,,,testfile,testfile.txt,TestFile,,,,
testfile,testfile,"""testfile.txt""",id,,ID,INTEGER,,file identifier,,testfile,"""testfile.txt""",id,ID,INTEGER,CAST(? AS INTEGER) AS,file identifier,
testfile,testfile,"""testfile.txt""","""Description       """,,Description,VARCHAR(50),,file description,,testfile,"""testfile.txt""","""Description       """,Description,VARCHAR(50),CAST(? AS VARCHAR(50)) AS,file description,
testfile,testfile,"""testfile.txt""","""value""",,colValue1,VARCHAR(25),? || ' text',file value,,testfile,"""testfile.txt""","""value""",colValue1,VARCHAR(25),CAST(? || ' text' AS VARCHAR(25)) AS,file value,
testfile,testfile,"""testfile.txt""",""" _ __col1 __""",,colIdentifier,VARCHAR(2),case ?     when '-' then null    when 'NULL' then null    else ? End,cleansed column value,,testfile,"""testfile.txt""",""" _ __col1 __""",colIdentifier,VARCHAR(2),CAST(case ?     when '-' then null    when 'NULL' then null    else ? End AS VARCHAR(2)) AS,cleansed column value,
testfile,testfile,"""testfile.txt""",,,colValue,VARCHAR(25),"""value""",file value,,testfile,"""testfile.txt""",,colValue,VARCHAR(25),"CAST(""value"" AS VARCHAR(25)) AS",file value,
testfile,testfile,"""testfile.txt""",,,new_null_column,VARCHAR(30),NULL,new null column,,testfile,"""testfile.txt""",,new_null_column,VARCHAR(30),CAST(NULL AS VARCHAR(30)) AS,new null column,
testfile,testfile,"""testfile.txt""",,,new_derived_column,VARCHAR(255),"id ||'::'|| ""value""",new derived column,,testfile,"""testfile.txt""",,new_derived_column,VARCHAR(255),"CAST(id ||'::'|| ""value"" AS VARCHAR(255)) AS",new derived column,
testfile,testfile,"""testfile.txt""",,,new_value_formatting,VARCHAR(10),"case substring(""value"",1,1)   when '1' then 'value 1'   when '2' then 'value 2'   when '3' then 'value 3'   when '4' then 'value 4'   when '5' then 'value 5'   when '6' then 'value 6'  else 'value 0' end",new formatted column,,testfile,"""testfile.txt""",,new_value_formatting,VARCHAR(10),"CAST(case substring(""value"",1,1)   when '1' then 'value 1'   when '2' then 'value 2'   when '3' then 'value 3'   when '4' then 'value 4'   when '5' then 'value 5'   when '6' then 'value 6'  else 'value 0' end AS VARCHAR(10)) AS",new formatted column,
,,,,,,,,,,,,,,,,,
,,,,,,,,,,,,,,,,,
,,,,,,,,,,,,,,,,,
,,,,,,,,,,,,,,,,,
,,,,,,,,,,,,,,,,,
,,,,,,,,,,,,,,,,,
,,,,,,,,,,,,,,,,,
,,,,,,,,,,,,,,,,,
,,,,,,,,,,,,,,,,,
,,,,,,,,,,,,,,,,,
,,,,,,,,,,,,,,,,,
,,,,,,,,,,,,,,,,,
,,,,,,,,,,,,,,,,,
,,,,,,,,,,,,,,,,,
,,,,,,,,,,,,,,,,,
,,,,,,,,,,,,,,,,,
,,,,,,,,,,,,,,,,,
,,,,,,,,,,,,,,,,,
,,,,,,,,,,,,,,,,,
,,,,,,,,,,,,,,,,,
,,,,,,,,,,,,,,,,,
,,,,,,,,,,,,,,,,,
,,,,,,,,,,,,,,,,,
,,,,,,,,,,,,,,,,,
,,,,,,,,,,,,,,,,,
,,,,,,,,,,,,,,,,,
,,,,,,,,,,,,,,,,,
,,,,,,,,,,,,,,,,,
,,,,,,,,,,,,,,,,,
,,,,,,,,,,,,,,,,,
,,,,,,,,,,,,,,,,,
,,,,,,,,,,,,,,,,,
,,,,,,,,,,,,,,,,,
,,,,,,,,,,,,,,,,,
,,,,,,,,,,,,,,,,,
,,,,,,,,,,,,,,,,,
,,,,,,,,,,,,,,,,,
,,,,,,,,,,,,,,,,,
,,,,,,,,,,,,,,,,,
,,,,,,,,,,,,,,,,,
,,,,,,,,,,,,,,,,,
,,,,,,,,,,,,,,,,,
,,,,,,,,,,,,,,,,,
,,,,,,,,,,,,,,,,,
,,,,,,,,,,,,,,,,,
,,,,,,,,,,,,,,,,,
,,,,,,,,,,,,,,,,,
,,,,,,,,,,,,,,,,,
,,,,,,,,,,,,,,,,,
,,,,,,,,,,,,,,,,,
,,,,,,,,,,,,,,,,,
,,,,,,,,,,,,,,,,,
,,,,,,,,,,,,,,,,,
,,,,,,,,,,,,,,,,,
,,,,,,,,,,,,,,,,,
,,,,,,,,,,,,,,,,,
,,,,,,,,,,,,,,,,,
,,,,,,,,,,,,,,,,,
,,,,,,,,,,,,,,,,,
,,,,,,,,,,,,,,,,,
,,,,,,,,,,,,,,,,,
,,,,,,,,,,,,,,,,,
,,,,,,,,,,,,,,,,,
,,,,,,,,,,,,,,,,,
,,,,,,,,,,,,,,,,,
,,,,,,,,,,,,,,,,,
,,,,,,,,,,,,,,,,,
,,,,,,,,,,,,,,,,,
,,,,,,,,,,,,,,,,,
,,,,,,,,,,,,,,,,,
,,,,,,,,,,,,,,,,,
,,,,,,,,,,,,,,,,,
,,,,,,,,,,,,,,,,,
,,,,,,,,,,,,,,,,,
,,,,,,,,,,,,,,,,,
,,,,,,,,,,,,,,,,,
,,,,,,,,,,,,,,,,,
,,,,,,,,,,,,,,,,,
,,,,,,,,,,,,,,,,,
,,,,,,,,,,,,,,,,,
,,,,,,,,,,,,,,,,,
,,,,,,,,,,,,,,,,,
,,,,,,,,,,,,,,,,,
,,,,,,,,,,,,,,,,,
,,,,,,,,,,,,,,,,,
,,,,,,,,,,,,,,,,,
,,,,,,,,,,,,,,,,,
,,,,,,,,,,,,,,,,,
,,,,,,,,,,,,,,,,,
,,,,,,,,,,,,,,,,,
,,,,,,,,,,,,,,,,,
,,,,,,,,,,,,,,,,,
,,,,,,,,,,,,,,,,,
,,,,,,,,,,,,,,,,,
,,,,,,,,,,,,,,,,,
,,,,,,,,,,,,,,,,,
,,,,,,,,,,,,,,,,,
,,,,,,,,,,,,,,,,,
,,,,,,,,,,,,,,,,,
,,,,,,,,,,,,,,,,,
,,,,,,,,,,,,,,,,,
,,,,,,,,,,,,,,,,,
,,,,,,,,,,,,,,,,,
,,,,,,,,,,,,,,,,,
,,,,,,,,,,,,,,,,,
,,,,,,,,,,,,,,,,,
,,,,,,,,,,,,,,,,,
,,,,,,,,,,,,,,,,,
,,,,,,,,,,,,,,,,,
,,,,,,,,,,,,,,,,,
,,,,,,,,,,,,,,,,,
,,,,,,,,,,,,,,,,,
,,,,,,,,,,,,,,,,,
,,,,,,,,,,,,,,,,,
,,,,,,,,,,,,,,,,,
,,,,,,,,,,,,,,,,,
,,,,,,,,,,,,,,,,,
,,,,,,,,,,,,,,,,,
,,,,,,,,,,,,,,,,,
,,,,,,,,,,,,,,,,,
,,,,,,,,,,,,,,,,,
,,,,,,,,,,,,,,,,,
,,,,,,,,,,,,,,,,,
,,,,,,,,,,,,,,,,,
,,,,,,,,,,,,,,,,,
,,,,,,,,,,,,,,,,,
,,,,,,,,,,,,,,,,,
,,,,,,,,,,,,,,,,,
,,,,,,,,,,,,,,,,,
,,,,,,,,,,,,,,,,,
,,,,,,,,,,,,,,,,,
,,,,,,,,,,,,,,,,,
,,,,,,,,,,,,,,,,,
,,,,,,,,,,,,,,,,,
,,,,,,,,,,,,,,,,,
,,,,,,,,,,,,,,,,,
,,,,,,,,,,,,,,,,,
,,,,,,,,,,,,,,,,,
,,,,,,,,,,,,,,,,,
,,,,,,,,,,,,,,,,,
,,,,,,,,,,,,,,,,,
,,,,,,,,,,,,,,,,,
,,,,,,,,,,,,,,,,,
,,,,,,,,,,,,,,,,,
,,,,,,,,,,,,,,,,,
,,,,,,,,,,,,,,,,,
,,,,,,,,,,,,,,,,,
,,,,,,,,,,,,,,,,,
,,,,,,,,,,,,,,,,,
,,,,,,,,,,,,,,,,,
,,,,,,,,,,,,,,,,,
,,,,,,,,,,,,,,,,,
,,,,,,,,,,,,,,,,,
,,,,,,,,,,,,,,,,,
,,,,,,,,,,,,,,,,,
,,,,,,,,,,,,,,,,,
,,,,,,,,,,,,,,,,,
,,,,,,,,,,,,,,,,,
,,,,,,,,,,,,,,,,,
,,,,,,,,,,,,,,,,,
,,,,,,,,,,,,,,,,,
,,,,,,,,,,,,,,,,,
,,,,,,,,,,,,,,,,,
,,,,,,,,,,,,,,,,,
,,,,,,,,,,,,,,,,,
,,,,,,,,,,,,,,,,,
,,,,,,,,,,,,,,,,,
,,,,,,,,,,,,,,,,,
,,,,,,,,,,,,,,,,,
,,,,,,,,,,,,,,,,,
,,,,,,,,,,,,,,,,,
,,,,,,,,,,,,,,,,,
,,,,,,,,,,,,,,,,,
,,,,,,,,,,,,,,,,,
,,,,,,,,,,,,,,,,,
,,,,,,,,,,,,,,,,,
,,,,,,,,,,,,,,,,,
,,,,,,,,,,,,,,,,,
,,,,,,,,,,,,,,,,,
,,,,,,,,,,,,,,,,,
,,,,,,,,,,,,,,,,,
,,,,,,,,,,,,,,,,,
,,,,,,,,,,,,,,,,,
,,,,,,,,,,,,,,,,,
,,,,,,,,,,,,,,,,,
,,,,,,,,,,,,,,,,,
,,,,,,,,,,,,,,,,,
,,,,,,,,,,,,,,,,,
,,,,,,,,,,,,,,,,,
,,,,,,,,,,,,,,,,,
,,,,,,,,,,,,,,,,,
,,,,,,,,,,,,,,,,,
,,,,,,,,,,,,,,,,,
,,,,,,,,,,,,,,,,,
,,,,,,,,,,,,,,,,,
,,,,,,,,,,,,,,,,,
,,,,,,,,,,,,,,,,,
,,,,,,,,,,,,,,,,,
,,,,,,,,,,,,,,,,,
,,,,,,,,,,,,,,,,,
,,,,,,,,,,,,,,,,,
,,,,,,,,,,,,,,,,,
,,,,,,,,,,,,,,,,,
,,,,,,,,,,,,,,,,,
,,,,,,,,,,,,,,,,,
,,,,,,,,,,,,,,,,,
,,,,,,,,,,,,,,,,,
,,,,,,,,,,,,,,,,,
,,,,,,,,,,,,,,,,,
,,,,,,,,,,,,,,,,,
,,,,,,,,,,,,,,,,,
,,,,,,,,,,,,,,,,,
,,,,,,,,,,,,,,,,,
,,,,,,,,,,,,,,,,,
,,,,,,,,,,,,,,,,,
,,,,,,,,,,,,,,,,,
,,,,,,,,,,,,,,,,,
,,,,,,,,,,,,,,,,,
,,,,,,,,,,,,,,,,,
,,,,,,,,,,,,,,,,,
,,,,,,,,,,,,,,,,,
,,,,,,,,,,,,,,,,,
,,,,,,,,,,,,,,,,,
,,,,,,,,,,,,,,,,,
,,,,,,,,,,,,,,,,,
,,,,,,,,,,,,,,,,,
,,,,,,,,,,,,,,,,,
,,,,,,,,,,,,,,,,,
,,,,,,,,,,,,,,,,,
,,,,,,,,,,,,,,,,,
,,,,,,,,,,,,,,,,,
,,,,,,,,,,,,,,,,,
,,,,,,,,,,,,,,,,,
,,,,,,,,,,,,,,,,,
,,,,,,,,,,,,,,,,,
,,,,,,,,,,,,,,,,,
,,,,,,,,,,,,,,,,,
,,,,,,,,,,,,,,,,,
,,,,,,,,,,,,,,,,,
,,,,,,,,,,,,,,,,,
,,,,,,,,,,,,,,,,,
,,,,,,,,,,,,,,,,,
,,,,,,,,,,,,,,,,,
,,,,,,,,,,,,,,,,,
,,,,,,,,,,,,,,,,,
,,,,,,,,,,,,,,,,,
,,,,,,,,,,,,,,,,,
,,,,,,,,,,,,,,,,,
,,,,,,,,,,,,,,,,,
,,,,,,,,,,,,,,,,,
,,,,,,,,,,,,,,,,,
,,,,,,,,,,,,,,,,,
,,,,,,,,,,,,,,,,,
,,,,,,,,,,,,,,,,,
,,,,,,,,,,,,,,,,,
,,,,,,,,,,,,,,,,,
,,,,,,,,,,,,,,,,,
,,,,,,,,,,,,,,,,,
,,,,,,,,,,,,,,,,,
,,,,,,,,,,,,,,,,,
,,,,,,,,,,,,,,,,,
,,,,,,,,,,,,,,,,,
,,,,,,,,,,,,,,,,,
,,,,,,,,,,,,,,,,,
,,,,,,,,,,,,,,,,,
,,,,,,,,,,,,,,,,,
,,,,,,,,,,,,,,,,,
,,,,,,,,,,,,,,,,,
,,,,,,,,,,,,,,,,,
,,,,,,,,,,,,,,,,,
,,,,,,,,,,,,,,,,,
,,,,,,,,,,,,,,,,,
,,,,,,,,,,,,,,,,,
,,,,,,,,,,,,,,,,,
,,,,,,,,,,,,,,,,,
,,,,,,,,,,,,,,,,,
,,,,,,,,,,,,,,,,,
,,,,,,,,,,,,,,,,,
,,,,,,,,,,,,,,,,,
,,,,,,,,,,,,,,,,,
,,,,,,,,,,,,,,,,,
,,,,,,,,,,,,,,,,,
,,,,,,,,,,,,,,,,,
,,,,,,,,,,,,,,,,,
,,,,,,,,,,,,,,,,,
,,,,,,,,,,,,,,,,,
,,,,,,,,,,,,,,,,,
,,,,,,,,,,,,,,,,,
,,,,,,,,,,,,,,,,,
,,,,,,,,,,,,,,,,,
,,,,,,,,,,,,,,,,,
,,,,,,,,,,,,,,,,,
,,,,,,,,,,,,,,,,,
,,,,,,,,,,,,,,,,,
,,,,,,,,,,,,,,,,,
,,,,,,,,,,,,,,,,,
,,,,,,,,,,,,,,,,,
,,,,,,,,,,,,,,,,,
,,,,,,,,,,,,,,,,,
,,,,,,,,,,,,,,,,,
,,,,,,,,,,,,,,,,,
,,,,,,,,,,,,,,,,,
,,,,,,,,,,,,,,,,,
,,,,,,,,,,,,,,,,,
,,,,,,,,,,,,,,,,,
,,,,,,,,,,,,,,,,,
,,,,,,,,,,,,,,,,,
,,,,,,,,,,,,,,,,,
,,,,,,,,,,,,,,,,,
,,,,,,,,,,,,,,,,,
,,,,,,,,,,,,,,,,,
,,,,,,,,,,,,,,,,,
,,,,,,,,,,,,,,,,,
,,,,,,,,,,,,,,,,,
,,,,,,,,,,,,,,,,,
,,,,,,,,,,,,,,,,,
,,,,,,,,,,,,,,,,,
,,,,,,,,,,,,,,,,,
,,,,,,,,,,,,,,,,,
,,,,,,,,,,,,,,,,,
,,,,,,,,,,,,,,,,,
,,,,,,,,,,,,,,,,,
,,,,,,,,,,,,,,,,,
,,,,,,,,,,,,,,,,,
,,,,,,,,,,,,,,,,,
,,,,,,,,,,,,,,,,,
,,,,,,,,,,,,,,,,,
,,,,,,,,,,,,,,,,,
,,,,,,,,,,,,,,,,,
,,,,,,,,,,,,,,,,,
,,,,,,,,,,,,,,,,,
,,,,,,,,,,,,,,,,,
,,,,,,,,,,,,,,,,,
,,,,,,,,,,,,,,,,,
,,,,,,,,,,,,,,,,,
,,,,,,,,,,,,,,,,,
,,,,,,,,,,,,,,,,,
,,,,,,,,,,,,,,,,,
,,,,,,,,,,,,,,,,,
,,,,,,,,,,,,,,,,,
,,,,,,,,,,,,,,,,,
,,,,,,,,,,,,,,,,,
,,,,,,,,,,,,,,,,,
,,,,,,,,,,,,,,,,,
,,,,,,,,,,,,,,,,,
,,,,,,,,,,,,,,,,,
,,,,,,,,,,,,,,,,,
,,,,,,,,,,,,,,,,,
,,,,,,,,,,,,,,,,,
,,,,,,,,,,,,,,,,,
,,,,,,,,,,,,,,,,,
,,,,,,,,,,,,,,,,,
,,,,,,,,,,,,,,,,,
,,,,,,,,,,,,,,,,,
,,,,,,,,,,,,,,,,,
,,,,,,,,,,,,,,,,,
,,,,,,,,,,,,,,,,,
,,,,,,,,,,,,,,,,,
,,,,,,,,,,,,,,,,,
,,,,,,,,,,,,,,,,,
,,,,,,,,,,,,,,,,,
,,,,,,,,,,,,,,,,,
,,,,,,,,,,,,,,,,,
,,,,,,,,,,,,,,,,,
,,,,,,,,,,,,,,,,,
,,,,,,,,,,,,,,,,,
,,,,,,,,,,,,,,,,,
,,,,,,,,,,,,,,,,,
,,,,,,,,,,,,,,,,,
,,,,,,,,,,,,,,,,,
,,,,,,,,,,,,,,,,,
,,,,,,,,,,,,,,,,,
,,,,,,,,,,,,,,,,,
,,,,,,,,,,,,,,,,,
,,,,,,,,,,,,,,,,,
,,,,,,,,,,,,,,,,,
,,,,,,,,,,,,,,,,,
,,,,,,,,,,,,,,,,,
,,,,,,,,,,,,,,,,,
,,,,,,,,,,,,,,,,,
,,,,,,,,,,,,,,,,,
,,,,,,,,,,,,,,,,,
,,,,,,,,,,,,,,,,,
,,,,,,,,,,,,,,,,,
,,,,,,,,,,,,,,,,,
,,,,,,,,,,,,,,,,,
,,,,,,,,,,,,,,,,,
,,,,,,,,,,,,,,,,,
,,,,,,,,,,,,,,,,,
,,,,,,,,,,,,,,,,,
,,,,,,,,,,,,,,,,,
,,,,,,,,,,,,,,,,,
,,,,,,,,,,,,,,,,,
,,,,,,,,,,,,,,,,,
,,,,,,,,,,,,,,,,,
,,,,,,,,,,,,,,,,,
,,,,,,,,,,,,,,,,,
,,,,,,,,,,,,,,,,,
,,,,,,,,,,,,,,,,,
,,,,,,,,,,,,,,,,,
,,,,,,,,,,,,,,,,,
,,,,,,,,,,,,,,,,,
,,,,,,,,,,,,,,,,,
,,,,,,,,,,,,,,,,,
,,,,,,,,,,,,,,,,,
,,,,,,,,,,,,,,,,,
,,,,,,,,,,,,,,,,,
,,,,,,,,,,,,,,,,,
,,,,,,,,,,,,,,,,,
,,,,,,,,,,,,,,,,,
,,,,,,,,,,,,,,,,,
,,,,,,,,,,,,,,,,,
,,,,,,,,,,,,,,,,,
,,,,,,,,,,,,,,,,,
,,,,,,,,,,,,,,,,,
,,,,,,,,,,,,,,,,,
,,,,,,,,,,,,,,,,,
,,,,,,,,,,,,,,,,,
,,,,,,,,,,,,,,,,,
,,,,,,,,,,,,,,,,,
,,,,,,,,,,,,,,,,,
,,,,,,,,,,,,,,,,,
,,,,,,,,,,,,,,,,,
,,,,,,,,,,,,,,,,,
,,,,,,,,,,,,,,,,,
,,,,,,,,,,,,,,,,,
,,,,,,,,,,,,,,,,,
,,,,,,,,,,,,,,,,,
,,,,,,,,,,,,,,,,,
,,,,,,,,,,,,,,,,,
,,,,,,,,,,,,,,,,,
,,,,,,,,,,,,,,,,,
,,,,,,,,,,,,,,,,,
,,,,,,,,,,,,,,,,,
,,,,,,,,,,,,,,,,,
,,,,,,,,,,,,,,,,,
,,,,,,,,,,,,,,,,,
,,,,,,,,,,,,,,,,,
,,,,,,,,,,,,,,,,,
,,,,,,,,,,,,,,,,,
,,,,,,,,,,,,,,,,,
,,,,,,,,,,,,,,,,,
,,,,,,,,,,,,,,,,,
,,,,,,,,,,,,,,,,,
,,,,,,,,,,,,,,,,,
,,,,,,,,,,,,,,,,,
,,,,,,,,,,,,,,,,,
,,,,,,,,,,,,,,,,,
,,,,,,,,,,,,,,,,,
,,,,,,,,,,,,,,,,,
,,,,,,,,,,,,,,,,,
,,,,,,,,,,,,,,,,,
,,,,,,,,,,,,,,,,,
,,,,,,,,,,,,,,,,,
,,,,,,,,,,,,,,,,,
,,,,,,,,,,,,,,,,,
,,,,,,,,,,,,,,,,,
,,,,,,,,,,,,,,,,,
,,,,,,,,,,,,,,,,,
,,,,,,,,,,,,,,,,,
,,,,,,,,,,,,,,,,,
,,,,,,,,,,,,,,,,,
,,,,,,,,,,,,,,,,,
,,,,,,,,,,,,,,,,,
,,,,,,,,,,,,,,,,,
,,,,,,,,,,,,,,,,,
,,,,,,,,,,,,,,,,,
,,,,,,,,,,,,,,,,,
,,,,,,,,,,,,,,,,,
,,,,,,,,,,,,,,,,,
,,,,,,,,,,,,,,,,,
,,,,,,,,,,,,,,,,,
,,,,,,,,,,,,,,,,,
,,,,,,,,,,,,,,,,,
,,,,,,,,,,,,,,,,,
,,,,,,,,,,,,,,,,,
,,,,,,,,,,,,,,,,,
,,,,,,,,,,,,,,,,,
,,,,,,,,,,,,,,,,,
,,,,,,,,,,,,,,,,,
,,,,,,,,,,,,,,,,,
,,,,,,,,,,,,,,,,,
,,,,,,,,,,,,,,,,,
,,,,,,,,,,,,,,,,,
,,,,,,,,,,,,,,,,,
,,,,,,,,,,,,,,,,,
,,,,,,,,,,,,,,,,,
,,,,,,,,,,,,,,,,,
,,,,,,,,,,,,,,,,,
,,,,,,,,,,,,,,,,,
,,,,,,,,,,,,,,,,,
,,,,,,,,,,,,,,,,,
,,,,,,,,,,,,,,,,,
,,,,,,,,,,,,,,,,,
,,,,,,,,,,,,,,,,,
,,,,,,,,,,,,,,,,,
,,,,,,,,,,,,,,,,,
,,,,,,,,,,,,,,,,,
,,,,,,,,,,,,,,,,,
,,,,,,,,,,,,,,,,,
,,,,,,,,,,,,,,,,,
,,,,,,,,,,,,,,,,,
,,,,,,,,,,,,,,,,,
,,,,,,,,,,,,,,,,,
,,,,,,,,,,,,,,,,,
,,,,,,,,,,,,,,,,,
,,,,,,,,,,,,,,,,,
,,,,,,,,,,,,,,,,,
,,,,,,,,,,,,,,,,,
,,,,,,,,,,,,,,,,,
,,,,,,,,,,,,,,,,,
,,,,,,,,,,,,,,,,,
,,,,,,,,,,,,,,,,,
,,,,,,,,,,,,,,,,,
,,,,,,,,,,,,,,,,,
,,,,,,,,,,,,,,,,,
,,,,,,,,,,,,,,,,,
,,,,,,,,,,,,,,,,,
,,,,,,,,,,,,,,,,,
,,,,,,,,,,,,,,,,,
,,,,,,,,,,,,,,,,,
,,,,,,,,,,,,,,,,,
,,,,,,,,,,,,,,,,,
,,,,,,,,,,,,,,,,,
,,,,,,,,,,,,,,,,,
,,,,,,,,,,,,,,,,,
,,,,,,,,,,,,,,,,,
,,,,,,,,,,,,,,,,,
,,,,,,,,,,,,,,,,,
,,,,,,,,,,,,,,,,,
,,,,,,,,,,,,,,,,,
,,,,,,,,,,,,,,,,,
,,,,,,,,,,,,,,,,,
,,,,,,,,,,,,,,,,,
,,,,,,,,,,,,,,,,,
,,,,,,,,,,,,,,,,,
,,,,,,,,,,,,,,,,,
,,,,,,,,,,,,,,,,,
,,,,,,,,,,,,,,,,,
,,,,,,,,,,,,,,,,,
,,,,,,,,,,,,,,,,,
,,,,,,,,,,,,,,,,,
,,,,,,,,,,,,,,,,,
,,,,,,,,,,,,,,,,,
,,,,,,,,,,,,,,,,,
,,,,,,,,,,,,,,,,,
,,,,,,,,,,,,,,,,,
,,,,,,,,,,,,,,,,,
,,,,,,,,,,,,,,,,,
,,,,,,,,,,,,,,,,,
,,,,,,,,,,,,,,,,,
,,,,,,,,,,,,,,,,,
,,,,,,,,,,,,,,,,,
,,,,,,,,,,,,,,,,,
,,,,,,,,,,,,,,,,,
,,,,,,,,,,,,,,,,,
,,,,,,,,,,,,,,,,,
,,,,,,,,,,,,,,,,,
,,,,,,,,,,,,,,,,,
,,,,,,,,,,,,,,,,,
,,,,,,,,,,,,,,,,,
,,,,,,,,,,,,,,,,,
,,,,,,,,,,,,,,,,,
,,,,,,,,,,,,,,,,,
,,,,,,,,,,,,,,,,,
,,,,,,,,,,,,,,,,,
,,,,,,,,,,,,,,,,,
,,,,,,,,,,,,,,,,,
,,,,,,,,,,,,,,,,,
,,,,,,,,,,,,,,,,,
,,,,,,,,,,,,,,,,,
,,,,,,,,,,,,,,,,,
,,,,,,,,,,,,,,,,,
,,,,,,,,,,,,,,,,,
,,,,,,,,,,,,,,,,,
,,,,,,,,,,,,,,,,,
,,,,,,,,,,,,,,,,,
,,,,,,,,,,,,,,,,,
,,,,,,,,,,,,,,,,,
,,,,,,,,,,,,,,,,,
,,,,,,,,,,,,,,,,,
,,,,,,,,,,,,,,,,,
,,,,,,,,,,,,,,,,,
,,,,,,,,,,,,,,,,,
,,,,,,,,,,,,,,,,,
,,,,,,,,,,,,,,,,,
,,,,,,,,,,,,,,,,,
,,,,,,,,,,,,,,,,,
,,,,,,,,,,,,,,,,,
,,,,,,,,,,,,,,,,,
,,,,,,,,,,,,,,,,,
,,,,,,,,,,,,,,,,,
,,,,,,,,,,,,,,,,,
,,,,,,,,,,,,,,,,,
,,,,,,,,,,,,,,,,,
,,,,,,,,,,,,,,,,,
,,,,,,,,,,,,,,,,,
,,,,,,,,,,,,,,,,,
,,,,,,,,,,,,,,,,,
,,,,,,,,,,,,,,,,,
,,,,,,,,,,,,,,,,,
,,,,,,,,,,,,,,,,,
,,,,,,,,,,,,,,,,,
,,,,,,,,,,,,,,,,,
,,,,,,,,,,,,,,,,,
,,,,,,,,,,,,,,,,,
,,,,,,,,,,,,,,,,,
