<catalog>
  <category>
    <CategoryID>1</CategoryID>
    <CategoryName>Data Storage</CategoryName>
    <products>
      <product>
        <ProductID>2</ProductID>
        <ProductName>Mega Zip 750MB USB 2.0</ProductName>
        <ProductDescription>Mega Zip 750 MB</ProductDescription>
        <SerialNumber>5-76-9876</SerialNumber>
        <UnitPrice>187.67</UnitPrice>
        <ReorderLevel>5</ReorderLevel>
        <LeadTime>7 Days</LeadTime>
      </product>
      <product>
        <ProductID>1</ProductID>
        <ProductName>Maxtific 40GB ATA133 7200</ProductName>
        <ProductDescription>Maxtific Storage  40 GB</ProductDescription>
        <SerialNumber>221-887-3458</SerialNumber>
        <UnitPrice>89.99</UnitPrice>
        <ReorderLevel>20</ReorderLevel>
        <LeadTime>14 Days</LeadTime>
      </product>
      <product>
        <ProductID>18</ProductID>
        <ProductName>Acme 40GB ATA100 7200</ProductName>
        <ProductDescription>Acme Storage 40 GB</ProductDescription>
        <SerialNumber>HD-ACM4483-2</SerialNumber>
        <UnitPrice>85.95</UnitPrice>
        <ReorderLevel>6</ReorderLevel>
        <LeadTime>1 Day</LeadTime>
      </product>
      <product>
        <ProductID>6</ProductID>
        <ProductName>Maxtific 60GB ATA133 7200</ProductName>
        <ProductDescription>Maxtific Storage 60 GB</ProductDescription>
        <SerialNumber>220-768-7642</SerialNumber>
        <UnitPrice>109.99</UnitPrice>
        <ReorderLevel>5</ReorderLevel>
        <LeadTime>2 Days</LeadTime>
      </product>
      <product>
        <ProductID>4</ProductID>
        <ProductName>Maxtific120 GB ATA133 7200</ProductName>
        <ProductDescription>Maxtific Storage 120 GB</ProductDescription>
        <SerialNumber>221-889-3460</SerialNumber>
        <UnitPrice>151.95</UnitPrice>
        <ReorderLevel>18</ReorderLevel>
        <LeadTime>14 Days</LeadTime>
      </product>
      <product>
        <ProductID>3</ProductID>
        <ProductName>Mega Zip 250MB</ProductName>
        <ProductDescription>Parallel External w/o Disk</ProductDescription>
        <SerialNumber>5-75-9924</SerialNumber>
        <UnitPrice>140.95</UnitPrice>
        <ReorderLevel>5</ReorderLevel>
        <LeadTime>7 Days</LeadTime>
      </product>
    </products>
  </category>
  <category>
    <CategoryID>2</CategoryID>
    <CategoryName>External Drives</CategoryName>
    <products>
      <product>
        <ProductID>5</ProductID>
        <ProductName>Mega Zip 250MB SCSI External</ProductName>
        <ProductDescription>Mega Zip 250 MB</ProductDescription>
        <SerialNumber>9-2244-038</SerialNumber>
        <UnitPrice>144.95</UnitPrice>
        <ReorderLevel>2</ReorderLevel>
        <LeadTime>1 Day</LeadTime>
      </product>
    </products>
  </category>
  <category>
    <CategoryID>3</CategoryID>
    <CategoryName>Internal Drives</CategoryName>
  </category>
  <category>
    <CategoryID>4</CategoryID>
    <CategoryName>Memory</CategoryName>
    <products>
      <product>
        <ProductID>9</ProductID>
        <ProductName>Acme Super Memory</ProductName>
        <ProductDescription>Acme Memory</ProductDescription>
        <SerialNumber>MEM-212</SerialNumber>
        <UnitPrice>25.00</UnitPrice>
        <ReorderLevel>10</ReorderLevel>
        <LeadTime>1 Day</LeadTime>
      </product>
    </products>
  </category>
  <category>
    <CategoryID>5</CategoryID>
    <CategoryName>Modems</CategoryName>
    <products>
      <product>
        <ProductID>8</ProductID>
        <ProductName>Deluxe RedPagoda PCI V.90 56K</ProductName>
        <ProductDescription>Voice Modem</ProductDescription>
        <SerialNumber>RDP-9864</SerialNumber>
        <UnitPrice>18.00</UnitPrice>
        <ReorderLevel>5</ReorderLevel>
        <LeadTime>2 Days</LeadTime>
      </product>
      <product>
        <ProductID>7</ProductID>
        <ProductName>RedPagoda PCI 56K</ProductName>
        <ProductDescription>Fax Modem</ProductDescription>
        <SerialNumber>RDP-8546</SerialNumber>
        <UnitPrice>14.95</UnitPrice>
        <ReorderLevel>5</ReorderLevel>
        <LeadTime>2 Days</LeadTime>
      </product>
    </products>
  </category>
  <category>
    <CategoryID>7</CategoryID>
    <CategoryName>Networking</CategoryName>
    <products>
      <product>
        <ProductID>23</ProductID>
        <ProductName>Widget 5</ProductName>
        <ProductDescription>Widget model</ProductDescription>
        <SerialNumber>W5</SerialNumber>
        <UnitPrice>22.00</UnitPrice>
        <ReorderLevel>5</ReorderLevel>
        <LeadTime>1 Day</LeadTime>
      </product>
      <product>
        <ProductID>22</ProductID>
        <ProductName>Widget 4</ProductName>
        <ProductDescription>Widget model</ProductDescription>
        <SerialNumber>W4</SerialNumber>
        <UnitPrice>22.00</UnitPrice>
        <ReorderLevel>5</ReorderLevel>
        <LeadTime>1 Day</LeadTime>
      </product>
      <product>
        <ProductID>21</ProductID>
        <ProductName>Widget 3</ProductName>
        <ProductDescription>Widget model</ProductDescription>
        <SerialNumber>W3</SerialNumber>
        <UnitPrice>22.00</UnitPrice>
        <ReorderLevel>5</ReorderLevel>
        <LeadTime>1 Day</LeadTime>
      </product>
      <product>
        <ProductID>20</ProductID>
        <ProductName>Widget 2</ProductName>
        <ProductDescription>Widget model</ProductDescription>
        <SerialNumber>W2</SerialNumber>
        <UnitPrice>22.00</UnitPrice>
        <ReorderLevel>5</ReorderLevel>
        <LeadTime>1 Day</LeadTime>
      </product>
      <product>
        <ProductID>25</ProductID>
        <ProductName>Widget 7</ProductName>
        <ProductDescription>Widget model</ProductDescription>
        <SerialNumber>W7</SerialNumber>
        <UnitPrice>22.00</UnitPrice>
        <ReorderLevel>5</ReorderLevel>
        <LeadTime>1 Day</LeadTime>
      </product>
      <product>
        <ProductID>19</ProductID>
        <ProductName>Widget 1</ProductName>
        <ProductDescription>Widget model</ProductDescription>
        <SerialNumber>W1</SerialNumber>
        <UnitPrice>22.00</UnitPrice>
        <ReorderLevel>5</ReorderLevel>
        <LeadTime>1 Day</LeadTime>
      </product>
      <product>
        <ProductID>24</ProductID>
        <ProductName>Widget 6</ProductName>
        <ProductDescription>Widget model</ProductDescription>
        <SerialNumber>W6</SerialNumber>
        <UnitPrice>22.00</UnitPrice>
        <ReorderLevel>5</ReorderLevel>
        <LeadTime>1 Day</LeadTime>
      </product>
    </products>
  </category>
  <category>
    <CategoryID>6</CategoryID>
    <CategoryName>Printers</CategoryName>
    <products>
      <product>
        <ProductID>11</ProductID>
        <ProductName>Printerific C42UX</ProductName>
        <ProductDescription>Inkjet Printer</ProductDescription>
        <SerialNumber>PRNT-RFC764</SerialNumber>
        <UnitPrice>129.99</UnitPrice>
        <ReorderLevel>2</ReorderLevel>
        <LeadTime>10 Days</LeadTime>
      </product>
      <product>
        <ProductID>10</ProductID>
        <ProductName>Lexington Z23</ProductName>
        <ProductDescription>Lexington Color Jet Printer</ProductDescription>
        <SerialNumber>PRNT-LEX35</SerialNumber>
        <UnitPrice>99.00</UnitPrice>
        <ReorderLevel>5</ReorderLevel>
        <LeadTime>5 Days</LeadTime>
      </product>
    </products>
  </category>
  <category>
    <CategoryID>8</CategoryID>
    <CategoryName>Processors</CategoryName>
    <products>
      <product>
        <ProductID>17</ProductID>
        <ProductName>Acme 950MHz w/o fan</ProductName>
        <ProductDescription>Acme Processor</ProductDescription>
        <SerialNumber>CPU-ACM8733</SerialNumber>
        <UnitPrice>39.99</UnitPrice>
        <ReorderLevel>3</ReorderLevel>
        <LeadTime>2 Days</LeadTime>
      </product>
      <product>
        <ProductID>13</ProductID>
        <ProductName>Processor King 2.0 GHz</ProductName>
        <ProductDescription>King  2.0 GHz</ProductDescription>
        <SerialNumber>CPU-C538</SerialNumber>
        <UnitPrice>99.99</UnitPrice>
        <ReorderLevel>2</ReorderLevel>
        <LeadTime>20 Days</LeadTime>
      </product>
      <product>
        <ProductID>12</ProductID>
        <ProductName>Processor Queen IV 2.4 GHz</ProductName>
        <ProductDescription>Queen 2.4 GHz</ProductDescription>
        <SerialNumber>CPU-7543</SerialNumber>
        <UnitPrice>215.99</UnitPrice>
        <ReorderLevel>3</ReorderLevel>
        <LeadTime>14 Days</LeadTime>
      </product>
    </products>
  </category>
  <category>
    <CategoryID>9</CategoryID>
    <CategoryName>Video Cards</CategoryName>
    <products>
      <product>
        <ProductID>16</ProductID>
        <ProductName>Force Pro M64 32MB</ProductName>
        <ProductDescription>Force Pro Video Card</ProductDescription>
        <SerialNumber>VID-FP765549</SerialNumber>
        <UnitPrice>41.00</UnitPrice>
        <ReorderLevel>8</ReorderLevel>
        <LeadTime>1 Day</LeadTime>
      </product>
      <product>
        <ProductID>15</ProductID>
        <ProductName>Rad 2000 PRO 32 MB</ProductName>
        <ProductDescription>Rad Video Card</ProductDescription>
        <SerialNumber>VID-RAD76459</SerialNumber>
        <UnitPrice>40.00</UnitPrice>
        <ReorderLevel>6</ReorderLevel>
        <LeadTime>10 Days</LeadTime>
      </product>
      <product>
        <ProductID>14</ProductID>
        <ProductName>Rad Expert 9000 PRO 128 MB</ProductName>
        <ProductDescription>Rad Video Card</ProductDescription>
        <SerialNumber>VID-RAD89388</SerialNumber>
        <UnitPrice>129.99</UnitPrice>
        <ReorderLevel>2</ReorderLevel>
        <LeadTime>3 Days</LeadTime>
      </product>
    </products>
  </category>
</catalog>
